Rk,Player,Nation,Pos,Squad,Age,Born,MP,Starts,Min,90s,Gls,Ast,G+A,G-PK,PK,PKatt,CrdY,CrdR,xG,npxG,xAG,npxG+xAG,PrgC,PrgP,PrgR,Gls.1,Ast.1,G+A.1,G-PK.1,G+A-PK,xG.1,xAG.1,xG+xAG,npxG.1,npxG+xAG.1,Matches
3,Tyler Adams,us USA,MF,Bournemouth,26-066,1999.0,23,16,1530,17.0,0,3,3,0,0,0,6,0,1.6,1.6,0.8,2.4,12,61,7,0.0,0.18,0.18,0.0,0.18,0.09,0.05,0.14,0.09,0.14,Matches
4,Tosin Adarabioyo,eng ENG,DF,Chelsea,27-209,1997.0,20,13,1229,13.7,1,1,2,1,0,0,3,0,0.9,0.9,0.2,1.1,5,37,1,0.07,0.07,0.15,0.07,0.15,0.07,0.02,0.08,0.07,0.08,Matches
5,Simon Adingra,ci CIV,"FW,MF",Brighton,23-110,2002.0,24,8,826,9.2,2,1,3,2,0,0,0,0,2.2,2.2,1.7,3.9,30,14,105,0.22,0.11,0.33,0.22,0.33,0.23,0.19,0.42,0.23,0.42,Matches
6,Emmanuel Agbadou,ci CIV,DF,Wolves,27-308,1997.0,11,11,960,10.7,0,0,0,0,0,0,2,0,0.3,0.3,0.1,0.3,2,20,0,0.0,0.0,0.0,0.0,0.0,0.03,0.01,0.03,0.03,0.03,Matches
7,Asher Agbinone,eng ENG,MF,Crystal Palace,19-205,2005.0,2,0,6,0.1,0,0,0,0,0,0,0,0,0.0,0.0,0.0,0.1,2,0,1,0.0,0.0,0.0,0.0,0.0,0.29,0.5,0.79,0.29,0.79,Matches
8,Ola Aina,ng NGA,DF,Nott'ham Forest,28-195,1996.0,30,30,2569,28.5,2,1,3,2,0,0,2,0,0.6,0.6,0.7,1.3,54,91,52,0.07,0.04,0.11,0.07,0.11,0.02,0.03,0.05,0.02,0.05,Matches
9,Rayan Aït-Nouri,dz ALG,DF,Wolves,23-319,2001.0,32,32,2699,30.0,4,6,10,4,0,0,7,1,2.3,2.3,4.4,6.7,70,96,150,0.13,0.2,0.33,0.13,0.33,0.08,0.15,0.22,0.08,0.22,Matches
10,Kristoffer Ajer,no NOR,DF,Brentford,27-004,1998.0,20,17,1388,15.4,0,0,0,0,0,0,4,0,0.8,0.8,1.2,2.1,27,52,42,0.0,0.0,0.0,0.0,0.0,0.05,0.08,0.13,0.05,0.13,Matches
11,Manuel Akanji,ch SUI,DF,Manchester City,29-276,1995.0,21,20,1710,19.0,0,0,0,0,0,0,3,0,0.7,0.7,0.4,1.1,38,135,6,0.0,0.0,0.0,0.0,0.0,0.04,0.02,0.06,0.04,0.06,Matches
12,Nathan Aké,nl NED,DF,Manchester City,30-062,1995.0,10,8,678,7.5,0,0,0,0,0,0,0,0,0.2,0.2,0.0,0.2,12,50,2,0.0,0.0,0.0,0.0,0.0,0.03,0.0,0.03,0.03,0.03,Matches
13,Carlos Alcaraz,ar ARG,MF,Southampton,22-142,2002.0,1,0,10,0.1,0,0,0,0,0,0,0,0,0.1,0.1,0.1,0.2,4,6,1,0.0,0.0,0.0,0.0,0.0,0.62,0.86,1.48,0.62,1.48,Matches
14,Carlos Alcaraz,ar ARG,"FW,MF",Everton,22-142,2002.0,10,4,446,5.0,1,1,2,1,0,0,3,0,1.3,1.3,1.1,2.4,11,24,9,0.2,0.2,0.4,0.2,0.4,0.26,0.23,0.49,0.26,0.49,Matches
15,Trent Alexander-Arnold,eng ENG,DF,Liverpool,26-196,1998.0,29,26,2165,24.1,3,6,9,3,0,0,5,0,1.6,1.6,6.7,8.3,48,204,87,0.12,0.25,0.37,0.12,0.37,0.07,0.28,0.34,0.07,0.34,Matches
16,Alisson,br BRA,GK,Liverpool,32-201,1992.0,23,23,2058,22.9,0,0,0,0,0,0,0,0,0.0,0.0,0.6,0.6,0,0,0,0.0,0.0,0.0,0.0,0.0,0.0,0.03,0.03,0.0,0.03,Matches
17,Miguel Almirón,py PAR,FW,Newcastle Utd,31-070,1994.0,9,1,157,1.7,0,0,0,0,0,0,0,0,0.5,0.5,0.3,0.8,3,6,18,0.0,0.0,0.0,0.0,0.0,0.3,0.15,0.45,0.3,0.45,Matches
18,Edson Álvarez,mx MEX,MF,West Ham,27-179,1997.0,25,19,1633,18.1,0,1,1,0,0,0,8,1,0.3,0.3,0.8,1.1,21,75,18,0.0,0.06,0.06,0.0,0.06,0.02,0.04,0.06,0.02,0.06,Matches
19,Will Alves,eng ENG,FW,Leicester City,20-077,2005.0,1,0,1,0.0,0,0,0,0,0,0,0,0,0.0,0.0,0.0,0.0,0,0,1,0.0,0.0,0.0,0.0,0.0,0.0,0.0,0.0,0.0,0.0,Matches
20,Harry Amass,eng ENG,DF,Manchester Utd,18-036,2007.0,3,2,166,1.8,0,0,0,0,0,0,0,0,0.0,0.0,0.0,0.0,5,4,12,0.0,0.0,0.0,0.0,0.0,0.01,0.01,0.03,0.01,0.03,Matches
21,Samuel Amo-Ameyaw,eng ENG,"FW,DF",Southampton,18-277,2006.0,2,0,28,0.3,0,0,0,0,0,0,1,0,0.0,0.0,0.1,0.1,1,0,3,0.0,0.0,0.0,0.0,0.0,0.07,0.22,0.29,0.07,0.29,Matches
22,Mathis Amougou,fr FRA,MF,Chelsea,19-093,2006.0,1,0,8,0.1,0,0,0,0,0,0,0,0,0.0,0.0,0.0,0.0,0,1,0,0.0,0.0,0.0,0.0,0.0,0.0,0.0,0.0,0.0,0.0,Matches
23,Joachim Andersen,dk DEN,DF,Crystal Palace,28-325,1996.0,1,1,90,1.0,0,0,0,0,0,0,1,0,0.0,0.0,0.0,0.0,1,4,1,0.0,0.0,0.0,0.0,0.0,0.04,0.0,0.04,0.04,0.04,Matches
24,Joachim Andersen,dk DEN,DF,Fulham,28-325,1996.0,24,24,2133,23.7,0,0,0,0,0,0,5,1,0.5,0.5,0.3,0.8,13,100,1,0.0,0.0,0.0,0.0,0.0,0.02,0.01,0.03,0.02,0.03,Matches
25,Elliot Anderson,eng ENG,MF,Nott'ham Forest,22-166,2002.0,31,27,2227,24.7,1,6,7,1,0,0,6,0,1.6,1.6,3.1,4.7,36,112,77,0.04,0.24,0.28,0.04,0.28,0.07,0.12,0.19,0.07,0.19,Matches
26,André,br BRA,MF,Wolves,23-279,2001.0,28,26,2087,23.2,0,0,0,0,0,0,7,0,0.3,0.3,0.7,0.9,8,90,11,0.0,0.0,0.0,0.0,0.0,0.01,0.03,0.04,0.01,0.04,Matches
27,Michail Antonio,jm JAM,FW,West Ham,35-024,1990.0,14,11,836,9.3,1,1,2,1,0,0,1,0,2.2,2.2,1.6,3.8,29,18,59,0.11,0.11,0.22,0.11,0.22,0.24,0.17,0.41,0.24,0.41,Matches
28,Antony,br BRA,"DF,MF",Manchester Utd,25-056,2000.0,8,0,141,1.6,0,0,0,0,0,0,0,0,1.0,1.0,0.1,1.1,5,6,7,0.0,0.0,0.0,0.0,0.0,0.65,0.08,0.73,0.65,0.73,Matches
29,Julian Araujo,mx MEX,DF,Bournemouth,23-251,2001.0,9,5,362,4.0,0,0,0,0,0,0,1,0,0.0,0.0,0.0,0.0,3,14,18,0.0,0.0,0.0,0.0,0.0,0.0,0.0,0.0,0.0,0.0,Matches
30,Cameron Archer,eng ENG,FW,Southampton,23-274,2001.0,30,13,1336,14.8,2,0,2,2,0,1,0,0,5.1,4.3,0.4,4.6,19,14,62,0.13,0.0,0.13,0.13,0.13,0.34,0.02,0.37,0.29,0.31,Matches
31,Alphonse Areola,fr FRA,GK,West Ham,32-053,1993.0,22,21,1900,21.1,0,0,0,0,0,0,0,0,0.0,0.0,0.0,0.0,0,0,0,0.0,0.0,0.0,0.0,0.0,0.0,0.0,0.0,0.0,0.0,Matches
32,Joe Aribo,ng NGA,"MF,DF",Southampton,28-274,1996.0,30,20,1909,21.2,3,0,3,3,0,0,1,0,2.7,2.7,1.6,4.3,35,71,64,0.14,0.0,0.14,0.14,0.14,0.13,0.07,0.2,0.13,0.2,Matches
33,Adam Armstrong,eng ENG,"FW,MF",Southampton,28-070,1997.0,20,15,1248,13.9,2,2,4,2,0,1,4,0,3.3,2.3,1.2,3.5,25,21,79,0.14,0.14,0.29,0.14,0.29,0.24,0.09,0.32,0.17,0.25,Matches
34,Harrison Armstrong,eng ENG,MF,Everton,18-092,2007.0,3,0,48,0.5,0,0,0,0,0,0,1,0,0.4,0.4,0.1,0.4,1,1,0,0.0,0.0,0.0,0.0,0.0,0.69,0.14,0.82,0.69,0.82,Matches
35,Kepa Arrizabalaga,es ESP,GK,Bournemouth,30-200,1994.0,26,26,2340,26.0,0,0,0,0,0,0,3,0,0.1,0.1,0.0,0.1,0,2,0,0.0,0.0,0.0,0.0,0.0,0.0,0.0,0.0,0.0,0.0,Matches
36,Marco Asensio,es ESP,"MF,FW",Aston Villa,29-090,1996.0,8,5,466,5.2,3,1,4,3,0,2,1,0,4.2,2.6,0.8,3.4,15,30,23,0.58,0.19,0.77,0.58,0.77,0.81,0.16,0.96,0.5,0.66,Matches
37,Brandon Austin,eng ENG,GK,Tottenham,26-103,1999.0,1,1,90,1.0,0,0,0,0,0,0,0,0,0.0,0.0,0.0,0.0,0,0,0,0.0,0.0,0.0,0.0,0.0,0.0,0.0,0.0,0.0,0.0,Matches
38,Taiwo Awoniyi,ng NGA,FW,Nott'ham Forest,27-252,1997.0,23,3,363,4.0,1,0,1,1,0,0,0,0,2.1,2.1,0.1,2.2,6,7,19,0.25,0.0,0.25,0.25,0.25,0.52,0.03,0.55,0.52,0.55,Matches
39,Yasin Ayari,se SWE,MF,Brighton,21-197,2003.0,29,18,1647,18.3,0,1,1,0,0,0,3,0,2.2,2.2,2.1,4.3,27,65,56,0.0,0.05,0.05,0.0,0.05,0.12,0.12,0.23,0.12,0.23,Matches
40,Jordan Ayew,gh GHA,"FW,MF",Crystal Palace,33-222,1991.0,1,0,21,0.2,0,0,0,0,0,0,1,0,0.5,0.5,0.0,0.5,0,0,1,0.0,0.0,0.0,0.0,0.0,1.96,0.21,2.17,1.96,2.17,Matches
41,Jordan Ayew,gh GHA,"FW,MF",Leicester City,33-222,1991.0,25,15,1310,14.6,4,0,4,3,1,1,5,0,2.8,2.0,0.8,2.8,38,31,68,0.27,0.0,0.27,0.21,0.21,0.19,0.05,0.25,0.14,0.19,Matches
42,Benoît Badiashile,fr FRA,DF,Chelsea,24-026,2001.0,5,3,334,3.7,0,0,0,0,0,0,0,0,0.0,0.0,0.0,0.0,3,17,2,0.0,0.0,0.0,0.0,0.0,0.0,0.0,0.0,0.0,0.0,Matches
43,Leon Bailey,jm JAM,"FW,MF",Aston Villa,27-255,1997.0,23,14,1138,12.6,1,2,3,1,0,0,3,0,1.7,1.7,1.5,3.3,57,35,121,0.08,0.16,0.24,0.08,0.24,0.14,0.12,0.26,0.14,0.26,Matches
44,Carlos Baleba,cm CMR,MF,Brighton,21-108,2004.0,29,26,2223,24.7,2,1,3,2,0,0,8,1,3.0,3.0,1.3,4.2,39,108,26,0.08,0.04,0.12,0.08,0.12,0.12,0.05,0.17,0.12,0.17,Matches
45,Ross Barkley,eng ENG,MF,Aston Villa,31-137,1993.0,17,3,563,6.3,3,1,4,3,0,0,3,0,1.7,1.7,0.6,2.3,14,33,9,0.48,0.16,0.64,0.48,0.64,0.27,0.1,0.37,0.27,0.37,Matches
46,Harvey Barnes,eng ENG,FW,Newcastle Utd,27-133,1997.0,28,12,1337,14.9,9,4,13,9,0,0,0,0,6.2,6.2,3.4,9.6,68,63,143,0.61,0.27,0.88,0.61,0.88,0.41,0.23,0.65,0.41,0.65,Matches
47,Calvin Bassey,ng NGA,DF,Fulham,25-111,1999.0,31,30,2714,30.2,1,0,1,1,0,0,6,0,1.0,1.0,0.1,1.1,25,95,12,0.03,0.0,0.03,0.03,0.03,0.03,0.0,0.03,0.03,0.03,Matches
48,Altay Bayındır,tr TUR,GK,Manchester Utd,27-007,1998.0,1,1,90,1.0,0,0,0,0,0,0,0,0,0.0,0.0,0.0,0.0,0,0,0,0.0,0.0,0.0,0.0,0.0,0.0,0.0,0.0,0.0,0.0,Matches
49,Jan Bednarek,pl POL,DF,Southampton,29-009,1996.0,27,27,2261,25.1,2,0,2,2,0,0,7,0,0.7,0.7,0.5,1.2,4,58,1,0.08,0.0,0.08,0.08,0.08,0.03,0.02,0.05,0.03,0.05,Matches
50,Armel Bella Kotchap,de GER,DF,Southampton,23-131,2001.0,4,2,331,3.7,0,0,0,0,0,0,0,0,0.3,0.3,0.0,0.3,0,5,0,0.0,0.0,0.0,0.0,0.0,0.09,0.0,0.09,0.09,0.09,Matches
51,Jean-Ricner Bellegarde,fr FRA,"MF,FW",Wolves,26-298,1998.0,30,18,1479,16.4,2,6,8,2,0,0,3,0,1.3,1.3,3.6,4.9,46,35,80,0.12,0.37,0.49,0.12,0.49,0.08,0.22,0.3,0.08,0.3,Matches
52,Rodrigo Bentancur,uy URU,MF,Tottenham,27-300,1997.0,22,18,1428,15.9,2,0,2,2,0,0,7,0,1.3,1.3,0.4,1.7,22,89,32,0.13,0.0,0.13,0.13,0.13,0.08,0.03,0.11,0.08,0.11,Matches
53,Daniel Bentley,eng ENG,GK,Wolves,31-282,1993.0,1,1,90,1.0,0,0,0,0,0,0,0,0,0.0,0.0,0.0,0.0,0,0,0,0.0,0.0,0.0,0.0,0.0,0.0,0.0,0.0,0.0,0.0,Matches
54,Sander Berge,no NOR,MF,Fulham,27-066,1998.0,26,22,1972,21.9,0,0,0,0,0,0,4,0,0.2,0.2,0.6,0.8,25,105,8,0.0,0.0,0.0,0.0,0.0,0.01,0.03,0.04,0.01,0.04,Matches
55,Lucas Bergvall,se SWE,MF,Tottenham,19-078,2006.0,25,10,1112,12.4,0,1,1,0,0,0,3,0,0.7,0.7,0.6,1.3,30,48,28,0.0,0.08,0.08,0.0,0.08,0.06,0.05,0.1,0.06,0.1,Matches
56,Victor Bernth Kristiansen,dk DEN,DF,Leicester City,22-126,2002.0,28,28,2380,26.4,0,1,1,0,0,0,1,0,0.3,0.3,1.4,1.7,39,69,75,0.0,0.04,0.04,0.0,0.04,0.01,0.05,0.06,0.01,0.06,Matches
57,Beto,gw GNB,FW,Everton,27-080,1998.0,25,10,1129,12.5,6,0,6,6,0,0,2,0,6.1,6.1,0.8,6.9,12,9,58,0.48,0.0,0.48,0.48,0.48,0.48,0.06,0.55,0.48,0.55,Matches
58,Philip Billing,dk DEN,MF,Bournemouth,28-314,1996.0,10,1,184,2.0,0,0,0,0,0,0,1,0,0.6,0.6,1.1,1.7,3,15,13,0.0,0.0,0.0,0.0,0.0,0.28,0.54,0.82,0.28,0.82,Matches
59,Yves Bissouma,ml MLI,MF,Tottenham,28-234,1996.0,24,15,1210,13.4,2,0,2,2,0,0,7,0,0.6,0.6,0.3,0.9,15,71,3,0.15,0.0,0.15,0.15,0.15,0.04,0.02,0.06,0.04,0.06,Matches
60,Oscar Bobb,no NOR,FW,Manchester City,21-283,2003.0,2,0,15,0.2,0,0,0,0,0,0,0,0,0.0,0.0,0.1,0.1,1,1,1,0.0,0.0,0.0,0.0,0.0,0.0,0.44,0.44,0.0,0.44,Matches
61,Lamare Bogarde,nl NED,"DF,MF",Aston Villa,21-106,2004.0,8,5,476,5.3,0,0,0,0,0,0,2,0,0.0,0.0,0.1,0.2,12,14,9,0.0,0.0,0.0,0.0,0.0,0.01,0.02,0.03,0.01,0.03,Matches
62,Willy Boly,ci CIV,DF,Nott'ham Forest,34-077,1991.0,6,1,150,1.7,0,0,0,0,0,0,1,0,0.1,0.1,0.0,0.1,0,2,0,0.0,0.0,0.0,0.0,0.0,0.04,0.0,0.04,0.04,0.04,Matches
63,Sven Botman,nl NED,DF,Newcastle Utd,25-099,2000.0,3,3,224,2.5,0,0,0,0,0,0,1,0,0.0,0.0,0.0,0.0,0,3,0,0.0,0.0,0.0,0.0,0.0,0.01,0.0,0.01,0.01,0.01,Matches
64,Jarrod Bowen,eng ENG,"FW,MF",West Ham,28-122,1996.0,29,29,2541,28.2,9,5,14,8,1,1,1,0,7.4,6.6,5.4,12.0,93,84,176,0.32,0.18,0.5,0.28,0.46,0.26,0.19,0.45,0.24,0.43,Matches
65,Conor Bradley,nir NIR,DF,Liverpool,21-286,2003.0,15,4,533,5.9,0,1,1,0,0,0,3,0,0.6,0.6,0.5,1.1,26,25,27,0.0,0.17,0.17,0.0,0.17,0.1,0.08,0.18,0.1,0.18,Matches
66,Jarrad Branthwaite,eng ENG,DF,Everton,22-298,2002.0,26,24,2168,24.1,0,1,1,0,0,0,4,0,1.1,1.1,0.6,1.6,9,54,1,0.0,0.04,0.04,0.0,0.04,0.05,0.02,0.07,0.05,0.07,Matches
67,James Bree,eng ENG,DF,Southampton,27-192,1997.0,14,11,890,9.9,0,1,1,0,0,0,0,0,0.1,0.1,0.9,1.0,9,30,34,0.0,0.1,0.1,0.0,0.1,0.01,0.09,0.1,0.01,0.1,Matches
68,Ben Brereton,cl CHI,FW,Southampton,26-003,1999.0,10,4,449,5.0,0,0,0,0,0,0,1,0,0.9,0.9,0.1,1.0,12,9,42,0.0,0.0,0.0,0.0,0.0,0.18,0.02,0.2,0.18,0.2,Matches
69,Nathan Broadhead,wls WAL,"MF,FW",Ipswich Town,27-016,1998.0,16,6,605,6.7,1,0,1,1,0,0,1,0,1.5,1.5,0.6,2.1,17,12,27,0.15,0.0,0.15,0.15,0.15,0.22,0.1,0.32,0.22,0.32,Matches
70,Armando Broja,al ALB,FW,Everton,23-223,2001.0,10,4,334,3.7,0,0,0,0,0,0,1,0,0.1,0.1,0.2,0.3,12,2,26,0.0,0.0,0.0,0.0,0.0,0.03,0.05,0.08,0.03,0.08,Matches
71,David Brooks,wls WAL,"FW,MF",Bournemouth,27-287,1997.0,25,8,815,9.1,2,0,2,2,0,0,3,0,2.2,2.2,1.7,3.9,25,27,75,0.22,0.0,0.22,0.22,0.22,0.24,0.19,0.43,0.24,0.43,Matches
72,Emi Buendía,ar ARG,"MF,FW",Aston Villa,28-117,1996.0,12,0,98,1.1,0,0,0,0,0,0,1,0,0.7,0.7,0.0,0.7,3,7,6,0.0,0.0,0.0,0.0,0.0,0.6,0.02,0.62,0.6,0.62,Matches
73,Santiago Bueno,uy URU,DF,Wolves,26-163,1998.0,26,18,1671,18.6,0,0,0,0,0,0,2,0,0.4,0.4,0.0,0.4,1,28,1,0.0,0.0,0.0,0.0,0.0,0.02,0.0,0.02,0.02,0.02,Matches
74,Facundo Buonanotte,ar ARG,"FW,MF",Leicester City,20-119,2004.0,28,13,1429,15.9,4,2,6,4,0,0,7,0,3.7,3.7,3.1,6.8,38,51,66,0.25,0.13,0.38,0.25,0.38,0.23,0.19,0.43,0.23,0.43,Matches
75,Cameron Burgess,au AUS,DF,Ipswich Town,29-182,1995.0,15,13,1271,14.1,0,1,1,0,0,0,0,0,0.7,0.7,0.5,1.2,2,38,4,0.0,0.07,0.07,0.0,0.07,0.05,0.04,0.09,0.05,0.09,Matches
76,Dan Burn,eng ENG,DF,Newcastle Utd,32-347,1992.0,32,32,2880,32.0,0,0,0,0,0,0,9,0,1.3,1.3,0.8,2.1,9,54,9,0.0,0.0,0.0,0.0,0.0,0.04,0.02,0.07,0.04,0.07,Matches
77,Wes Burns,wls WAL,"FW,DF",Ipswich Town,30-149,1994.0,18,12,926,10.3,0,1,1,0,0,0,1,0,0.5,0.5,1.6,2.2,38,8,65,0.0,0.1,0.1,0.0,0.1,0.05,0.16,0.21,0.05,0.21,Matches
78,Nathan Butler-Oyedeji,eng ENG,FW,Arsenal,22-107,2003.0,1,0,7,0.1,0,0,0,0,0,0,0,0,0.1,0.1,0.0,0.1,0,0,0,0.0,0.0,0.0,0.0,0.0,0.94,0.0,0.94,0.94,0.94,Matches
79,Moisés Caicedo,ec ECU,MF,Chelsea,23-170,2001.0,33,33,2901,32.2,1,2,3,1,0,0,10,0,0.7,0.7,2.9,3.6,37,188,32,0.03,0.06,0.09,0.03,0.09,0.02,0.09,0.11,0.02,0.11,Matches
80,Tom Cairney,sct SCO,MF,Fulham,34-091,1991.0,21,2,489,5.4,1,0,1,1,0,0,3,1,0.2,0.2,0.8,1.0,13,47,29,0.18,0.0,0.18,0.18,0.18,0.04,0.14,0.18,0.04,0.18,Matches
81,Jens Cajuste,se SWE,MF,Ipswich Town,25-254,1999.0,26,23,1774,19.7,1,0,1,1,0,0,2,0,0.5,0.5,0.6,1.1,23,46,16,0.05,0.0,0.05,0.05,0.05,0.02,0.03,0.06,0.02,0.06,Matches
82,Riccardo Calafiori,it ITA,DF,Arsenal,22-337,2002.0,17,11,925,10.3,2,1,3,2,0,0,4,0,0.9,0.9,0.3,1.1,21,54,29,0.19,0.1,0.29,0.19,0.29,0.08,0.03,0.11,0.08,0.11,Matches
83,Dominic Calvert-Lewin,eng ENG,FW,Everton,28-036,1997.0,22,19,1574,17.5,3,1,4,3,0,0,2,0,6.1,6.1,0.6,6.7,22,19,105,0.17,0.06,0.23,0.17,0.23,0.35,0.04,0.39,0.35,0.39,Matches
84,Diego Carlos,br BRA,DF,Aston Villa,32-037,1993.0,10,8,830,9.2,0,0,0,0,0,0,1,0,0.6,0.6,0.0,0.6,3,34,0,0.0,0.0,0.0,0.0,0.0,0.07,0.0,0.07,0.07,0.07,Matches
85,Fabio Carvalho,pt POR,"FW,MF",Brentford,22-234,2002.0,19,3,455,5.1,2,1,3,2,0,0,1,0,2.5,2.5,0.7,3.2,9,17,23,0.4,0.2,0.59,0.4,0.59,0.49,0.13,0.62,0.49,0.62,Matches
86,Casemiro,br BRA,MF,Manchester Utd,33-057,1992.0,21,15,1271,14.1,1,0,1,1,0,0,3,0,1.5,1.5,2.2,3.7,4,65,26,0.07,0.0,0.07,0.07,0.07,0.1,0.16,0.26,0.1,0.26,Matches
87,Kaelan Casey,eng ENG,DF,West Ham,20-175,2004.0,1,0,1,0.0,0,0,0,0,0,0,0,0,0.0,0.0,0.0,0.0,0,0,0,0.0,0.0,0.0,0.0,0.0,0.0,0.0,0.0,0.0,0.0,Matches
88,Matty Cash,pl POL,DF,Aston Villa,27-257,1997.0,22,19,1650,18.3,1,1,2,1,0,0,6,0,0.3,0.3,1.1,1.4,43,38,67,0.05,0.05,0.11,0.05,0.11,0.02,0.06,0.08,0.02,0.08,Matches
89,Eiran Cashin,ie IRL,DF,Brighton,23-163,2001.0,2,0,20,0.2,0,0,0,0,0,0,0,0,0.0,0.0,0.0,0.0,0,6,1,0.0,0.0,0.0,0.0,0.0,0.0,0.0,0.0,0.0,0.0,Matches
90,Timothy Castagne,be BEL,DF,Fulham,29-137,1995.0,23,17,1625,18.1,0,1,1,0,0,0,1,0,0.4,0.4,1.2,1.6,17,61,67,0.0,0.06,0.06,0.0,0.06,0.02,0.07,0.09,0.02,0.09,Matches
91,Trevoh Chalobah,eng ENG,DF,Crystal Palace,25-290,1999.0,12,12,1060,11.8,3,0,3,3,0,0,1,0,1.2,1.2,0.4,1.6,11,34,6,0.25,0.0,0.25,0.25,0.25,0.1,0.03,0.14,0.1,0.14,Matches
92,Trevoh Chalobah,eng ENG,DF,Chelsea,25-290,1999.0,10,8,656,7.3,0,1,1,0,0,0,1,0,0.7,0.7,1.2,1.9,3,29,2,0.0,0.14,0.14,0.0,0.14,0.1,0.16,0.26,0.1,0.26,Matches
93,Conor Chaplin,eng ENG,"MF,FW",Ipswich Town,28-064,1997.0,17,7,625,6.9,1,1,2,1,0,0,1,0,1.2,1.2,0.6,1.8,10,25,20,0.14,0.14,0.29,0.14,0.29,0.17,0.09,0.26,0.17,0.26,Matches
94,Youssef Chermiti,pt POR,"FW,MF",Everton,20-332,2004.0,2,0,17,0.2,0,0,0,0,0,0,1,0,0.1,0.1,0.0,0.1,0,1,4,0.0,0.0,0.0,0.0,0.0,0.36,0.0,0.36,0.36,0.36,Matches
95,Federico Chiesa,it ITA,FW,Liverpool,27-178,1997.0,4,0,37,0.4,0,0,0,0,0,0,0,0,0.2,0.2,0.0,0.2,2,2,6,0.0,0.0,0.0,0.0,0.0,0.6,0.0,0.6,0.6,0.6,Matches
96,Ben Chilwell,eng ENG,DF,Crystal Palace,28-121,1996.0,6,0,139,1.5,0,0,0,0,0,0,1,0,0.1,0.1,0.2,0.3,2,3,10,0.0,0.0,0.0,0.0,0.0,0.05,0.13,0.18,0.05,0.18,Matches
97,Chiquinho,pt POR,MF,Wolves,25-075,2000.0,1,0,7,0.1,0,0,0,0,0,0,0,0,0.0,0.0,0.0,0.0,0,0,0,0.0,0.0,0.0,0.0,0.0,0.0,0.42,0.42,0.0,0.42,Matches
98,Hamza Choudhury,bd BAN,"MF,DF",Leicester City,27-202,1997.0,4,1,131,1.5,0,0,0,0,0,0,0,0,0.0,0.0,0.4,0.4,4,3,6,0.0,0.0,0.0,0.0,0.0,0.0,0.27,0.27,0.0,0.27,Matches
99,Ryan Christie,sct SCO,MF,Bournemouth,30-058,1995.0,29,27,2117,23.5,2,3,5,2,0,0,9,0,1.8,1.8,3.5,5.4,34,137,44,0.09,0.13,0.21,0.09,0.21,0.08,0.15,0.23,0.08,0.23,Matches
100,Harry Clarke,eng ENG,DF,Ipswich Town,24-050,2001.0,7,4,379,4.2,0,0,0,0,0,0,3,1,0.1,0.1,0.0,0.1,5,14,2,0.0,0.0,0.0,0.0,0.0,0.02,0.01,0.03,0.02,0.03,Matches
101,Jack Clarke,eng ENG,"FW,MF",Ipswich Town,24-149,2000.0,27,10,994,11.0,0,4,4,0,0,0,2,0,1.0,1.0,2.0,2.9,29,32,47,0.0,0.36,0.36,0.0,0.36,0.09,0.18,0.27,0.09,0.27,Matches
102,Nathaniel Clyne,eng ENG,"DF,MF",Crystal Palace,34-016,1991.0,13,5,483,5.4,0,0,0,0,0,0,1,0,0.0,0.0,0.3,0.3,6,7,8,0.0,0.0,0.0,0.0,0.0,0.0,0.06,0.06,0.0,0.06,Matches
103,Conor Coady,eng ENG,DF,Leicester City,32-055,1993.0,17,14,1264,14.0,0,0,0,0,0,0,2,0,0.0,0.0,0.1,0.1,2,26,0,0.0,0.0,0.0,0.0,0.0,0.0,0.0,0.0,0.0,0.0,Matches
104,Séamus Coleman,ie IRL,DF,Everton,36-192,1988.0,3,2,197,2.2,0,0,0,0,0,0,1,0,0.6,0.6,0.0,0.6,1,8,2,0.0,0.0,0.0,0.0,0.0,0.26,0.0,0.26,0.26,0.26,Matches
105,Nathan Collins,ie IRL,DF,Brentford,23-356,2001.0,33,33,2970,33.0,2,2,4,2,0,0,5,0,2.5,2.5,1.5,4.0,25,112,18,0.06,0.06,0.12,0.06,0.12,0.08,0.05,0.12,0.08,0.12,Matches
106,Toby Collyer,eng ENG,MF,Manchester Utd,21-108,2004.0,6,0,179,2.0,0,0,0,0,0,0,0,0,0.2,0.2,0.3,0.4,0,5,2,0.0,0.0,0.0,0.0,0.0,0.09,0.13,0.22,0.09,0.22,Matches
107,Levi Colwill,eng ENG,DF,Chelsea,22-054,2003.0,30,30,2699,30.0,1,1,2,1,0,0,8,0,1.3,1.3,1.1,2.5,13,122,11,0.03,0.03,0.07,0.03,0.07,0.04,0.04,0.08,0.04,0.08,Matches
108,Lewis Cook,eng ENG,"MF,DF",Bournemouth,28-077,1997.0,32,29,2707,30.1,1,3,4,1,0,0,8,0,0.9,0.9,4.1,5.0,33,152,48,0.03,0.1,0.13,0.03,0.13,0.03,0.14,0.17,0.03,0.17,Matches
109,Maxwel Cornet,ci CIV,FW,Southampton,28-206,1996.0,2,1,72,0.8,0,0,0,0,0,0,1,0,0.2,0.2,0.0,0.2,1,0,5,0.0,0.0,0.0,0.0,0.0,0.2,0.0,0.2,0.2,0.2,Matches
110,Vladimír Coufal,cz CZE,DF,West Ham,32-242,1992.0,17,9,860,9.6,0,0,0,0,0,0,4,0,0.2,0.2,0.6,0.8,14,32,24,0.0,0.0,0.0,0.0,0.0,0.02,0.06,0.09,0.02,0.09,Matches
111,Woyo Coulibaly,fr FRA,DF,Leicester City,25-336,1999.0,4,1,109,1.2,0,0,0,0,0,0,1,0,0.0,0.0,0.0,0.0,4,3,2,0.0,0.0,0.0,0.0,0.0,0.04,0.0,0.04,0.04,0.04,Matches
112,Aaron Cresswell,eng ENG,DF,West Ham,35-127,1989.0,14,7,589,6.5,0,0,0,0,0,0,2,0,0.1,0.1,1.1,1.3,4,24,2,0.0,0.0,0.0,0.0,0.0,0.02,0.17,0.19,0.02,0.19,Matches
113,Marc Cucurella,es ESP,DF,Chelsea,26-273,1998.0,31,28,2538,28.2,4,1,5,4,0,0,10,1,2.2,2.2,1.8,4.0,30,97,106,0.14,0.04,0.18,0.14,0.18,0.08,0.06,0.14,0.08,0.14,Matches
114,Jorge Cuenca,es ESP,DF,Fulham,25-155,1999.0,6,3,259,2.9,0,0,0,0,0,0,0,0,0.0,0.0,0.0,0.0,0,9,0,0.0,0.0,0.0,0.0,0.0,0.01,0.0,0.01,0.01,0.01,Matches
115,Matheus Cunha,br BRA,"MF,FW",Wolves,25-329,1999.0,28,25,2253,25.0,14,4,18,14,0,0,3,0,7.3,7.3,6.8,14.1,95,119,141,0.56,0.16,0.72,0.56,0.72,0.29,0.27,0.56,0.29,0.56,Matches
116,Patson Daka,zm ZAM,"FW,MF",Leicester City,26-194,1998.0,20,5,646,7.2,1,0,1,1,0,0,0,0,1.3,1.3,0.1,1.3,9,8,33,0.14,0.0,0.14,0.14,0.14,0.17,0.01,0.18,0.17,0.18,Matches
117,Diogo Dalot,pt POR,DF,Manchester Utd,26-034,1999.0,32,31,2788,31.0,0,3,3,0,0,0,5,0,2.0,2.0,2.0,4.0,62,102,164,0.0,0.1,0.1,0.0,0.1,0.06,0.07,0.13,0.06,0.13,Matches
118,Mikkel Damsgaard,dk DEN,"MF,FW",Brentford,24-292,2000.0,33,29,2495,27.7,2,10,12,2,0,0,2,0,2.6,2.6,7.3,9.9,62,204,115,0.07,0.36,0.43,0.07,0.43,0.09,0.26,0.36,0.09,0.36,Matches
119,Danilo,br BRA,"MF,FW",Nott'ham Forest,23-357,2001.0,6,4,210,2.3,0,0,0,0,0,0,0,0,0.0,0.0,0.0,0.0,2,10,1,0.0,0.0,0.0,0.0,0.0,0.0,0.0,0.0,0.0,0.0,Matches
120,Jayden Danns,eng ENG,MF,Liverpool,19-095,2006.0,1,0,11,0.1,0,0,0,0,0,0,0,0,0.0,0.0,0.0,0.0,0,0,0,0.0,0.0,0.0,0.0,0.0,0.0,0.0,0.0,0.0,0.0,Matches
121,Kevin Danso,at AUT,DF,Tottenham,26-214,1998.0,4,4,347,3.9,0,0,0,0,0,0,0,0,0.3,0.3,0.0,0.4,2,7,0,0.0,0.0,0.0,0.0,0.0,0.09,0.01,0.1,0.09,0.1,Matches
122,Ben Davies,wls WAL,DF,Tottenham,31-362,1993.0,11,10,901,10.0,0,0,0,0,0,0,3,0,0.3,0.3,0.2,0.5,7,43,5,0.0,0.0,0.0,0.0,0.0,0.03,0.02,0.05,0.03,0.05,Matches
123,Leif Davis,eng ENG,DF,Ipswich Town,25-099,2000.0,31,30,2563,28.5,1,2,3,1,0,0,5,1,0.9,0.9,4.3,5.2,48,55,117,0.04,0.07,0.11,0.04,0.11,0.03,0.15,0.18,0.03,0.18,Matches
124,Craig Dawson,eng ENG,DF,Wolves,34-350,1990.0,15,10,971,10.8,0,0,0,0,0,0,2,0,0.5,0.5,0.0,0.5,6,20,5,0.0,0.0,0.0,0.0,0.0,0.05,0.0,0.05,0.05,0.05,Matches
125,Kevin De Bruyne,be BEL,MF,Manchester City,33-297,1991.0,23,15,1366,15.2,3,7,10,3,0,0,2,0,3.4,3.4,7.2,10.6,44,124,128,0.2,0.46,0.66,0.2,0.66,0.22,0.47,0.7,0.22,0.7,Matches
126,Liam Delap,eng ENG,FW,Ipswich Town,22-072,2003.0,32,29,2353,26.1,12,2,14,10,2,2,8,0,9.0,7.4,1.9,9.3,58,30,101,0.46,0.08,0.54,0.38,0.46,0.35,0.07,0.42,0.28,0.36,Matches
127,Sepp van den Berg,nl NED,DF,Brentford,23-122,2001.0,26,24,2136,23.7,0,0,0,0,0,0,2,0,1.4,1.4,0.2,1.6,8,66,27,0.0,0.0,0.0,0.0,0.0,0.06,0.01,0.07,0.06,0.07,Matches
128,Justin Devenny,nir NIR,MF,Crystal Palace,21-192,2003.0,19,3,350,3.9,1,0,1,1,0,0,0,0,0.5,0.5,0.4,0.9,3,13,10,0.26,0.0,0.26,0.26,0.26,0.13,0.1,0.24,0.13,0.24,Matches
129,Kiernan Dewsbury-Hall,eng ENG,"MF,FW",Chelsea,26-227,1998.0,11,2,258,2.9,0,1,1,0,0,0,0,0,0.2,0.2,1.1,1.3,5,14,11,0.0,0.35,0.35,0.0,0.35,0.08,0.37,0.45,0.08,0.45,Matches
130,Amad Diallo,ci CIV,"FW,MF",Manchester Utd,22-284,2002.0,22,17,1594,17.7,6,6,12,6,0,0,3,0,4.1,4.1,3.9,8.0,92,53,159,0.34,0.34,0.68,0.34,0.68,0.23,0.22,0.45,0.23,0.45,Matches
131,Rúben Dias,pt POR,DF,Manchester City,27-342,1997.0,22,20,1821,20.2,0,0,0,0,0,0,4,0,1.3,1.3,0.3,1.5,33,115,6,0.0,0.0,0.0,0.0,0.0,0.06,0.01,0.07,0.06,0.07,Matches
132,Luis Díaz,co COL,FW,Liverpool,28-098,1997.0,32,25,2150,23.9,11,5,16,11,0,0,2,0,9.2,9.2,4.9,14.1,102,102,265,0.46,0.21,0.67,0.46,0.67,0.39,0.2,0.59,0.39,0.59,Matches
133,Tyler Dibling,eng ENG,"FW,MF",Southampton,19-040,2006.0,29,18,1684,18.7,2,0,2,2,0,0,6,0,2.5,2.5,1.5,4.1,67,59,90,0.11,0.0,0.11,0.11,0.11,0.14,0.08,0.22,0.14,0.22,Matches
134,Lucas Digne,fr FRA,DF,Aston Villa,31-275,1993.0,29,26,2151,23.9,0,4,4,0,0,0,3,0,0.8,0.8,4.1,4.9,21,51,135,0.0,0.17,0.17,0.0,0.17,0.03,0.17,0.21,0.03,0.21,Matches
135,Issa Diop,fr FRA,DF,Fulham,28-102,1997.0,21,15,1339,14.9,0,0,0,0,0,0,2,0,0.5,0.5,0.1,0.6,6,25,3,0.0,0.0,0.0,0.0,0.0,0.04,0.01,0.04,0.04,0.04,Matches
136,Axel Disasi,fr FRA,DF,Aston Villa,27-041,1998.0,6,5,460,5.1,0,0,0,0,0,0,2,0,0.1,0.1,0.4,0.5,10,15,5,0.0,0.0,0.0,0.0,0.0,0.02,0.08,0.09,0.02,0.09,Matches
137,Axel Disasi,fr FRA,DF,Chelsea,27-041,1998.0,6,4,364,4.0,1,0,1,1,0,0,1,0,0.3,0.3,0.1,0.4,6,16,2,0.25,0.0,0.25,0.25,0.25,0.07,0.02,0.09,0.07,0.09,Matches
138,Roman Dixon,eng ENG,DF,Everton,20-116,2004.0,1,1,90,1.0,0,0,0,0,0,0,0,0,0.0,0.0,0.0,0.0,0,0,1,0.0,0.0,0.0,0.0,0.0,0.0,0.0,0.0,0.0,0.0,Matches
139,Nasser Djiga,bf BFA,"DF,FW",Wolves,22-157,2002.0,4,0,21,0.2,0,0,0,0,0,0,0,0,0.0,0.0,0.0,0.0,0,0,1,0.0,0.0,0.0,0.0,0.0,0.0,0.0,0.0,0.0,0.0,Matches
140,Matt Doherty,ie IRL,DF,Wolves,33-095,1992.0,26,21,1818,20.2,2,1,3,2,0,0,6,0,1.0,1.0,1.5,2.5,29,73,39,0.1,0.05,0.15,0.1,0.15,0.05,0.08,0.13,0.05,0.13,Matches
141,Jeremy Doku,be BEL,"FW,MF",Manchester City,22-329,2002.0,24,14,1290,14.3,3,4,7,3,0,0,1,0,1.0,1.0,3.5,4.6,172,62,231,0.21,0.28,0.49,0.21,0.49,0.07,0.25,0.32,0.07,0.32,Matches
142,Nicolás Domínguez,ar ARG,"MF,FW",Nott'ham Forest,26-297,1998.0,28,18,1567,17.4,0,0,0,0,0,0,8,0,1.4,1.4,1.3,2.7,12,60,24,0.0,0.0,0.0,0.0,0.0,0.08,0.07,0.15,0.08,0.15,Matches
143,Patrick Dorgu,dk DEN,DF,Manchester Utd,20-177,2004.0,7,6,496,5.5,0,0,0,0,0,0,2,1,0.4,0.4,0.4,0.8,21,20,44,0.0,0.0,0.0,0.0,0.0,0.07,0.08,0.15,0.07,0.15,Matches
144,Alfie Dorrington,eng ENG,DF,Tottenham,20-001,2005.0,1,0,14,0.2,0,0,0,0,0,0,0,0,0.0,0.0,0.0,0.0,0,0,0,0.0,0.0,0.0,0.0,0.0,0.0,0.0,0.0,0.0,0.0,Matches
145,Abdoulaye Doucouré,ml MLI,MF,Everton,32-110,1993.0,29,28,2335,25.9,3,1,4,3,0,0,5,1,3.7,3.7,2.3,6.0,38,74,88,0.12,0.04,0.15,0.12,0.15,0.14,0.09,0.23,0.14,0.23,Matches
146,Cheick Doucouré,ml MLI,MF,Crystal Palace,25-103,2000.0,13,4,452,5.0,0,0,0,0,0,0,1,0,0.4,0.4,0.0,0.4,2,19,7,0.0,0.0,0.0,0.0,0.0,0.08,0.0,0.08,0.08,0.08,Matches
147,Flynn Downes,eng ENG,MF,Southampton,26-091,1999.0,22,20,1701,18.9,1,0,1,1,0,0,10,0,0.6,0.6,0.9,1.6,23,56,28,0.05,0.0,0.05,0.05,0.05,0.03,0.05,0.08,0.03,0.08,Matches
148,Tommy Doyle,eng ENG,MF,Wolves,23-186,2001.0,24,3,488,5.4,0,1,1,0,0,0,1,0,0.6,0.6,0.5,1.1,6,40,4,0.0,0.18,0.18,0.0,0.18,0.1,0.09,0.2,0.1,0.2,Matches
149,Radu Drăgușin,ro ROU,DF,Tottenham,23-077,2002.0,16,14,1252,13.9,0,0,0,0,0,0,1,0,0.1,0.1,0.4,0.5,7,37,2,0.0,0.0,0.0,0.0,0.0,0.01,0.03,0.04,0.01,0.04,Matches
150,Martin Dúbravka,sk SVK,GK,Newcastle Utd,36-096,1989.0,10,10,900,10.0,0,0,0,0,0,0,0,0,0.0,0.0,0.0,0.0,0,0,0,0.0,0.0,0.0,0.0,0.0,0.0,0.0,0.0,0.0,0.0,Matches
151,Lewis Dunk,eng ENG,DF,Brighton,33-151,1991.0,23,21,1903,21.1,0,0,0,0,0,0,5,0,0.7,0.7,0.5,1.2,20,137,3,0.0,0.0,0.0,0.0,0.0,0.03,0.03,0.06,0.03,0.06,Matches
152,Jáder Durán,co COL,FW,Aston Villa,21-129,2003.0,20,4,638,7.1,7,0,7,7,0,0,3,1,4.9,4.9,0.2,5.1,7,13,44,0.99,0.0,0.99,0.99,0.99,0.69,0.03,0.71,0.69,0.71,Matches
153,Ederson,br BRA,GK,Manchester City,31-247,1993.0,22,22,1960,21.8,0,4,4,0,0,0,3,0,0.0,0.0,1.5,1.5,0,1,0,0.0,0.18,0.18,0.0,0.18,0.0,0.07,0.07,0.0,0.07,Matches
154,George Edmundson,eng ENG,DF,Ipswich Town,27-233,1997.0,1,0,2,0.0,0,0,0,0,0,0,0,0,0.0,0.0,0.0,0.0,0,0,0,0.0,0.0,0.0,0.0,0.0,0.0,0.0,0.0,0.0,0.0,Matches
155,Odsonne Édouard,fr FRA,"MF,FW",Crystal Palace,27-095,1998.0,2,1,115,1.3,0,0,0,0,0,0,0,0,0.4,0.4,0.0,0.4,2,4,7,0.0,0.0,0.0,0.0,0.0,0.31,0.04,0.34,0.31,0.34,Matches
156,Odsonne Édouard,fr FRA,FW,Leicester City,27-095,1998.0,4,0,29,0.3,0,0,0,0,0,0,0,0,0.0,0.0,0.0,0.0,0,1,2,0.0,0.0,0.0,0.0,0.0,0.0,0.13,0.13,0.0,0.13,Matches
157,Samuel Edozie,eng ENG,"DF,FW",Southampton,22-083,2003.0,2,0,65,0.7,0,0,0,0,0,0,1,0,0.0,0.0,0.1,0.1,6,4,23,0.0,0.0,0.0,0.0,0.0,0.0,0.14,0.14,0.0,0.14,Matches
158,Ronnie Edwards,eng ENG,DF,Southampton,22-024,2003.0,1,0,12,0.1,0,0,0,0,0,0,0,0,0.0,0.0,0.0,0.0,0,0,0,0.0,0.0,0.0,0.0,0.0,0.0,0.0,0.0,0.0,0.0,Matches
159,Anthony Elanga,se SWE,FW,Nott'ham Forest,22-359,2002.0,32,25,2007,22.3,6,8,14,6,0,0,1,0,3.9,3.9,4.3,8.3,79,47,162,0.27,0.36,0.63,0.27,0.63,0.18,0.19,0.37,0.18,0.37,Matches
160,Harvey Elliott,eng ENG,"MF,FW",Liverpool,22-017,2003.0,13,0,184,2.0,0,1,1,0,0,0,0,0,0.5,0.5,0.9,1.3,7,24,23,0.0,0.49,0.49,0.0,0.49,0.23,0.42,0.64,0.23,0.64,Matches
161,Yunus Emre Konak,tr TUR,"FW,MF",Brentford,19-101,2006.0,8,0,34,0.4,0,0,0,0,0,0,0,0,0.2,0.2,0.0,0.2,1,2,1,0.0,0.0,0.0,0.0,0.0,0.4,0.0,0.4,0.4,0.4,Matches
162,Julio Enciso,py PAR,"MF,FW",Ipswich Town,21-088,2004.0,9,8,550,6.1,1,3,4,1,0,0,3,0,1.2,1.2,1.2,2.4,12,22,28,0.16,0.49,0.65,0.16,0.65,0.19,0.2,0.39,0.19,0.39,Matches
163,Julio Enciso,py PAR,"MF,FW",Brighton,21-088,2004.0,12,2,294,3.3,0,0,0,0,0,0,0,0,1.0,1.0,0.2,1.2,11,14,17,0.0,0.0,0.0,0.0,0.0,0.31,0.07,0.38,0.31,0.38,Matches
164,Wataru Endo,jp JPN,MF,Liverpool,32-071,1993.0,16,0,154,1.7,0,0,0,0,0,0,0,0,0.0,0.0,0.0,0.0,0,9,1,0.0,0.0,0.0,0.0,0.0,0.0,0.01,0.01,0.0,0.01,Matches
165,Christian Eriksen,dk DEN,MF,Manchester Utd,33-066,1992.0,19,11,993,11.0,0,1,1,0,0,0,4,0,0.3,0.3,2.6,2.9,10,49,28,0.0,0.09,0.09,0.0,0.09,0.02,0.24,0.26,0.02,0.26,Matches
166,Romain Esse,eng ENG,MF,Crystal Palace,19-343,2005.0,3,0,23,0.3,1,0,1,1,0,0,0,0,0.3,0.3,0.1,0.5,0,1,6,3.91,0.0,3.91,3.91,3.91,1.2,0.51,1.71,1.2,1.71,Matches
167,Pervis Estupiñán,ec ECU,DF,Brighton,27-090,1998.0,26,22,2042,22.7,1,1,2,1,0,0,5,0,0.7,0.7,2.1,2.8,53,101,101,0.04,0.04,0.09,0.04,0.09,0.03,0.09,0.12,0.03,0.12,Matches
168,Evanilson,br BRA,FW,Bournemouth,25-197,1999.0,26,23,1903,21.1,9,0,9,9,0,1,0,0,11.0,10.2,1.5,11.7,25,19,86,0.43,0.0,0.43,0.43,0.43,0.52,0.07,0.59,0.48,0.56,Matches
169,Jake Evans,,FW,Leicester City,,1998.473404255319,1,0,1,0.0,0,0,0,0,0,0,0,0,0.0,0.0,0.0,0.0,0,0,0,0.0,0.0,0.0,0.0,0.0,0.0,0.0,0.0,0.0,0.0,Matches
170,Jonny Evans,nir NIR,DF,Manchester Utd,37-108,1988.0,6,3,290,3.2,0,0,0,0,0,0,1,0,0.1,0.1,0.0,0.1,1,8,2,0.0,0.0,0.0,0.0,0.0,0.03,0.0,0.03,0.03,0.03,Matches
171,Eberechi Eze,eng ENG,"MF,FW",Crystal Palace,26-296,1998.0,29,27,2275,25.3,3,8,11,3,0,1,1,0,7.9,7.1,4.7,11.8,65,85,140,0.12,0.32,0.44,0.12,0.44,0.31,0.19,0.5,0.28,0.47,Matches
172,Łukasz Fabiański,pl POL,GK,West Ham,40-003,1985.0,13,12,1070,11.9,0,0,0,0,0,0,2,0,0.0,0.0,0.0,0.0,0,0,0,0.0,0.0,0.0,0.0,0.0,0.0,0.0,0.0,0.0,0.0,Matches
173,Wout Faes,be BEL,DF,Leicester City,27-018,1998.0,29,25,2365,26.3,1,0,1,1,0,0,3,0,1.4,1.4,0.1,1.5,12,72,1,0.04,0.0,0.04,0.04,0.04,0.05,0.0,0.06,0.05,0.06,Matches
174,Abdul Fatawu Issahaku,gh GHA,FW,Leicester City,21-044,2004.0,11,6,579,6.4,0,2,2,0,0,0,0,0,0.4,0.4,1.6,2.0,42,17,60,0.0,0.31,0.31,0.0,0.31,0.06,0.24,0.31,0.06,0.31,Matches
175,João Félix,pt POR,"FW,MF",Chelsea,25-162,1999.0,12,3,369,4.1,1,1,2,1,0,0,2,0,2.2,2.2,1.0,3.2,21,26,30,0.24,0.24,0.49,0.24,0.49,0.54,0.23,0.78,0.54,0.78,Matches
176,Evan Ferguson,ie IRL,FW,West Ham,20-184,2004.0,7,1,145,1.6,0,0,0,0,0,0,0,0,0.6,0.6,0.3,0.9,1,0,6,0.0,0.0,0.0,0.0,0.0,0.35,0.19,0.53,0.35,0.53,Matches
177,Evan Ferguson,ie IRL,FW,Brighton,20-184,2004.0,13,2,246,2.7,1,0,1,1,0,0,0,0,0.5,0.5,0.4,1.0,2,1,9,0.37,0.0,0.37,0.37,0.37,0.2,0.15,0.35,0.2,0.35,Matches
178,Bruno Fernandes,pt POR,MF,Manchester Utd,30-225,1994.0,32,31,2668,29.6,8,9,17,5,3,3,4,2,9.4,7.1,6.8,13.8,62,264,114,0.27,0.3,0.57,0.17,0.47,0.32,0.23,0.55,0.24,0.47,Matches
179,Mateus Fernandes,pt POR,MF,Southampton,20-285,2004.0,31,29,2499,27.8,2,3,5,2,0,0,8,0,3.7,3.7,2.6,6.3,71,127,97,0.07,0.11,0.18,0.07,0.18,0.13,0.09,0.23,0.13,0.23,Matches
180,Enzo Fernández,ar ARG,MF,Chelsea,24-094,2001.0,31,27,2500,27.8,5,6,11,5,0,0,7,0,5.3,5.3,6.0,11.3,56,193,107,0.18,0.22,0.4,0.18,0.4,0.19,0.22,0.41,0.19,0.41,Matches
181,Mark Flekken,nl NED,GK,Brentford,31-312,1993.0,32,32,2825,31.4,0,1,1,0,0,0,1,0,0.0,0.0,0.2,0.2,0,0,0,0.0,0.03,0.03,0.0,0.03,0.0,0.01,0.01,0.0,0.01,Matches
182,Phil Foden,eng ENG,"MF,FW",Manchester City,24-328,2000.0,25,19,1686,18.7,7,2,9,7,0,0,2,0,5.1,5.1,4.7,9.8,47,95,119,0.37,0.11,0.48,0.37,0.48,0.27,0.25,0.52,0.27,0.52,Matches
183,Wesley Fofana,fr FRA,DF,Chelsea,24-125,2000.0,14,14,1172,13.0,0,0,0,0,0,0,7,0,0.4,0.4,0.4,0.8,19,32,4,0.0,0.0,0.0,0.0,0.0,0.03,0.03,0.07,0.03,0.06,Matches
184,Carlos Forbs,pt POR,"MF,FW",Wolves,21-033,2004.0,9,1,237,2.6,0,0,0,0,0,0,2,0,0.1,0.1,0.0,0.2,9,8,28,0.0,0.0,0.0,0.0,0.0,0.05,0.01,0.07,0.05,0.07,Matches
185,Fraser Forster,eng ENG,GK,Tottenham,37-035,1988.0,7,7,630,7.0,0,0,0,0,0,0,0,0,0.0,0.0,0.0,0.0,0,0,0,0.0,0.0,0.0,0.0,0.0,0.0,0.0,0.0,0.0,0.0,Matches
186,Matheus França,br BRA,"FW,MF",Crystal Palace,21-020,2004.0,2,0,26,0.3,1,0,1,1,0,0,0,0,0.1,0.1,0.0,0.1,1,2,2,3.46,0.0,3.46,3.46,3.46,0.43,0.0,0.43,0.43,0.43,Matches
187,Ryan Fraser,sct SCO,"FW,DF",Southampton,31-056,1994.0,8,4,306,3.4,0,0,0,0,0,0,0,1,0.0,0.0,0.1,0.1,10,8,18,0.0,0.0,0.0,0.0,0.0,0.01,0.03,0.04,0.01,0.04,Matches
188,Tyler Fredricson,eng ENG,DF,Manchester Utd,20-057,2005.0,1,1,90,1.0,0,0,0,0,0,0,0,0,0.0,0.0,0.0,0.0,2,4,0,0.0,0.0,0.0,0.0,0.0,0.0,0.0,0.0,0.0,0.0,Matches
189,Niclas Füllkrug,de GER,FW,West Ham,32-071,1993.0,13,4,544,6.0,3,2,5,3,0,0,2,0,1.9,1.9,1.9,3.8,5,9,21,0.5,0.33,0.83,0.5,0.83,0.32,0.31,0.63,0.32,0.63,Matches
190,Cody Gakpo,nl NED,FW,Liverpool,25-349,1999.0,30,18,1560,17.3,8,3,11,8,0,0,4,0,6.2,6.2,3.5,9.7,45,49,237,0.46,0.17,0.63,0.46,0.63,0.36,0.2,0.56,0.36,0.56,Matches
191,Idrissa Gana Gueye,sn SEN,MF,Everton,35-207,1989.0,32,30,2615,29.1,0,3,3,0,0,0,8,0,1.0,1.0,1.7,2.7,23,122,21,0.0,0.1,0.1,0.0,0.1,0.04,0.06,0.09,0.04,0.09,Matches
192,Andrés García,es ESP,"DF,MF",Aston Villa,22-073,2003.0,7,5,318,3.5,0,0,0,0,0,0,0,0,0.0,0.0,0.2,0.2,26,15,28,0.0,0.0,0.0,0.0,0.0,0.01,0.05,0.06,0.01,0.06,Matches
193,Alejandro Garnacho,ar ARG,"MF,FW",Manchester Utd,20-294,2004.0,32,21,1966,21.8,5,1,6,5,0,0,2,0,6.2,6.2,3.5,9.7,130,50,260,0.23,0.05,0.27,0.23,0.27,0.28,0.16,0.44,0.28,0.44,Matches
194,James Garner,eng ENG,"MF,DF",Everton,24-039,2001.0,16,12,1144,12.7,0,1,1,0,0,0,3,0,0.3,0.3,1.3,1.6,9,33,22,0.0,0.08,0.08,0.0,0.08,0.02,0.1,0.12,0.02,0.12,Matches
195,Tyrique George,eng ENG,FW,Chelsea,19-076,2006.0,6,0,102,1.1,1,1,2,1,0,0,1,0,0.2,0.2,0.7,0.9,9,2,17,0.88,0.88,1.76,0.88,1.76,0.18,0.63,0.81,0.18,0.81,Matches
196,Morgan Gibbs-White,eng ENG,MF,Nott'ham Forest,25-084,2000.0,28,28,2288,25.4,5,7,12,5,0,0,8,1,4.3,4.3,4.4,8.7,62,139,112,0.2,0.28,0.47,0.2,0.47,0.17,0.17,0.34,0.17,0.34,Matches
197,Billy Gilmour,sct SCO,MF,Brighton,23-314,2001.0,2,1,98,1.1,0,0,0,0,0,0,0,0,0.1,0.1,0.0,0.1,2,11,2,0.0,0.0,0.0,0.0,0.0,0.07,0.0,0.07,0.07,0.07,Matches
198,Ben Godfrey,eng ENG,DF,Ipswich Town,27-096,1998.0,2,2,108,1.2,0,0,0,0,0,0,1,0,0.0,0.0,0.0,0.0,2,4,1,0.0,0.0,0.0,0.0,0.0,0.0,0.0,0.0,0.0,0.0,Matches
199,Martial Godo,eng ENG,FW,Fulham,22-038,2003.0,1,0,16,0.2,0,0,0,0,0,0,0,0,0.0,0.0,0.0,0.0,0,0,3,0.0,0.0,0.0,0.0,0.0,0.0,0.0,0.0,0.0,0.0,Matches
200,João Gomes,br BRA,MF,Wolves,24-068,2001.0,31,31,2601,28.9,3,1,4,3,0,0,10,1,2.6,2.6,1.1,3.7,51,142,63,0.1,0.03,0.14,0.1,0.14,0.09,0.04,0.13,0.09,0.13,Matches
201,Rodrigo Gomes,pt POR,"DF,FW",Wolves,21-288,2003.0,20,6,633,7.0,1,0,1,1,0,0,0,0,0.4,0.4,0.8,1.2,21,24,62,0.14,0.0,0.14,0.14,0.14,0.05,0.12,0.17,0.05,0.17,Matches
202,Toti Gomes,pt POR,DF,Wolves,26-095,1999.0,26,25,2164,24.0,0,1,1,0,0,0,5,0,0.7,0.7,0.9,1.6,21,64,12,0.0,0.04,0.04,0.0,0.04,0.03,0.04,0.07,0.03,0.07,Matches
203,Diego Gómez,py PAR,MF,Brighton,22-025,2003.0,11,4,431,4.8,0,0,0,0,0,0,0,0,0.4,0.4,0.5,0.9,5,18,13,0.0,0.0,0.0,0.0,0.0,0.09,0.11,0.2,0.09,0.2,Matches
204,Joe Gomez,eng ENG,DF,Liverpool,27-333,1997.0,9,6,519,5.8,0,0,0,0,0,0,1,0,0.3,0.3,0.1,0.4,5,35,2,0.0,0.0,0.0,0.0,0.0,0.06,0.02,0.08,0.06,0.08,Matches
205,Nicolás González,es ESP,MF,Manchester City,23-108,2002.0,8,8,647,7.2,0,0,0,0,0,0,3,0,0.3,0.3,0.1,0.3,5,46,10,0.0,0.0,0.0,0.0,0.0,0.04,0.01,0.05,0.04,0.05,Matches
206,Anthony Gordon,eng ENG,FW,Newcastle Utd,24-056,2001.0,29,25,2176,24.2,6,5,11,5,1,2,2,0,7.9,6.3,4.9,11.2,108,91,190,0.25,0.21,0.45,0.21,0.41,0.33,0.2,0.53,0.26,0.46,Matches
207,Ryan Gravenberch,nl NED,MF,Liverpool,22-340,2002.0,33,33,2831,31.5,0,3,3,0,0,0,5,0,1.0,1.0,2.8,3.8,62,160,54,0.0,0.1,0.1,0.0,0.1,0.03,0.09,0.12,0.03,0.12,Matches
208,Archie Gray,eng ENG,"DF,MF",Tottenham,19-040,2006.0,23,14,1346,15.0,0,0,0,0,0,0,0,0,0.0,0.0,0.1,0.1,5,31,15,0.0,0.0,0.0,0.0,0.0,0.0,0.01,0.01,0.0,0.01,Matches
209,Jack Grealish,eng ENG,"FW,MF",Manchester City,29-223,1995.0,19,7,720,8.0,1,1,2,1,0,0,3,0,1.1,1.1,1.8,3.0,69,52,118,0.12,0.12,0.25,0.12,0.25,0.14,0.23,0.37,0.14,0.37,Matches
210,Jacob Greaves,eng ENG,DF,Ipswich Town,24-221,2000.0,20,20,1755,19.5,1,0,1,1,0,0,4,0,1.2,1.2,0.0,1.3,6,48,5,0.05,0.0,0.05,0.05,0.05,0.06,0.0,0.07,0.06,0.07,Matches
211,Brajan Gruda,de GER,"FW,MF",Brighton,20-325,2004.0,16,6,498,5.5,0,1,1,0,0,0,0,0,0.4,0.4,0.7,1.1,15,17,46,0.0,0.18,0.18,0.0,0.18,0.07,0.13,0.2,0.07,0.2,Matches
212,Albert Grønbaek,dk DEN,"FW,MF",Southampton,23-333,2001.0,4,2,143,1.6,0,0,0,0,0,0,0,0,0.1,0.1,0.0,0.1,1,1,3,0.0,0.0,0.0,0.0,0.0,0.07,0.01,0.08,0.07,0.08,Matches
213,Gonçalo Guedes,pt POR,"MF,FW",Wolves,28-143,1996.0,24,7,770,8.6,2,4,6,2,0,0,1,0,2.2,2.2,1.1,3.3,31,30,58,0.23,0.47,0.7,0.23,0.7,0.25,0.13,0.38,0.25,0.38,Matches
214,Marc Guéhi,eng ENG,DF,Crystal Palace,24-282,2000.0,31,31,2789,31.0,3,2,5,3,0,0,9,1,1.7,1.7,1.2,2.9,22,124,8,0.1,0.06,0.16,0.1,0.16,0.05,0.04,0.09,0.05,0.09,Matches
215,Luis Guilherme,br BRA,"MF,FW",West Ham,19-071,2006.0,11,1,138,1.5,0,0,0,0,0,0,0,0,0.3,0.3,0.1,0.4,3,3,13,0.0,0.0,0.0,0.0,0.0,0.19,0.05,0.24,0.19,0.24,Matches
216,Bruno Guimarães,br BRA,MF,Newcastle Utd,27-156,1997.0,33,33,2822,31.4,4,6,10,4,0,0,6,0,3.5,3.5,5.6,9.1,49,227,75,0.13,0.19,0.32,0.13,0.32,0.11,0.18,0.29,0.11,0.29,Matches
217,Marc Guiu,es ESP,FW,Chelsea,19-107,2006.0,3,0,73,0.8,0,0,0,0,0,0,0,0,0.0,0.0,0.0,0.0,0,0,3,0.0,0.0,0.0,0.0,0.0,0.0,0.04,0.04,0.0,0.04,Matches
218,İlkay Gündoğan,de GER,MF,Manchester City,34-179,1990.0,29,21,1877,20.9,0,5,5,0,0,0,1,0,2.7,2.7,2.7,5.5,54,113,80,0.0,0.24,0.24,0.0,0.24,0.13,0.13,0.26,0.13,0.26,Matches
219,Malo Gusto,fr FRA,DF,Chelsea,21-337,2003.0,28,19,1819,20.2,0,1,1,0,0,0,4,0,1.7,1.7,1.2,2.9,48,118,84,0.0,0.05,0.05,0.0,0.05,0.08,0.06,0.15,0.08,0.15,Matches
220,Joško Gvardiol,hr CRO,DF,Manchester City,23-088,2002.0,32,31,2827,31.4,5,0,5,5,0,0,1,0,4.2,3.9,2.0,5.9,77,231,96,0.16,0.0,0.16,0.16,0.16,0.13,0.06,0.2,0.12,0.19,Matches
221,Erling Haaland,no NOR,FW,Manchester City,24-274,2000.0,28,28,2480,27.6,21,3,24,19,2,3,2,0,20.8,18.4,2.8,21.2,19,18,103,0.76,0.11,0.87,0.69,0.8,0.76,0.1,0.86,0.67,0.77,Matches
222,Lewis Hall,eng ENG,DF,Newcastle Utd,20-225,2004.0,27,24,2189,24.3,0,4,4,0,0,0,3,0,0.4,0.4,4.3,4.7,41,123,80,0.0,0.16,0.16,0.0,0.16,0.02,0.18,0.19,0.02,0.19,Matches
223,Ali Al Hamadi,iq IRQ,FW,Ipswich Town,23-051,2002.0,11,0,134,1.5,0,0,0,0,0,0,3,0,0.4,0.4,0.1,0.4,4,3,14,0.0,0.0,0.0,0.0,0.0,0.24,0.05,0.28,0.24,0.28,Matches
224,Marcus Harness,eng ENG,MF,Ipswich Town,29-056,1996.0,2,0,45,0.5,0,0,0,0,0,0,0,0,0.0,0.0,0.0,0.0,0,2,1,0.0,0.0,0.0,0.0,0.0,0.0,0.0,0.0,0.0,0.0,Matches
225,Jack Harrison,eng ENG,FW,Everton,28-152,1996.0,29,21,1825,20.3,1,0,1,1,0,0,0,0,3.3,3.3,3.7,7.0,60,43,114,0.05,0.0,0.05,0.05,0.05,0.16,0.18,0.34,0.16,0.34,Matches
226,Taylor Harwood-Bellis,eng ENG,DF,Southampton,23-081,2002.0,30,28,2474,27.5,1,0,1,1,0,0,8,0,1.7,1.7,1.0,2.7,28,112,8,0.04,0.0,0.04,0.04,0.04,0.06,0.04,0.1,0.06,0.1,Matches
227,Kai Havertz,de GER,"FW,MF",Arsenal,25-314,1999.0,21,21,1839,20.4,9,3,12,9,0,0,4,0,9.4,9.4,2.4,11.8,34,59,110,0.44,0.15,0.59,0.44,0.59,0.46,0.12,0.58,0.46,0.58,Matches
228,Ayden Heaven,eng ENG,DF,Manchester Utd,18-211,2006.0,2,1,95,1.1,0,0,0,0,0,0,0,0,0.0,0.0,0.0,0.0,1,2,1,0.0,0.0,0.0,0.0,0.0,0.0,0.0,0.0,0.0,0.0,Matches
229,Jan Paul van Hecke,nl NED,DF,Brighton,24-317,2000.0,30,29,2598,28.9,1,1,2,1,0,0,8,1,1.3,1.3,1.5,2.7,53,209,5,0.03,0.03,0.07,0.03,0.07,0.04,0.05,0.09,0.04,0.09,Matches
230,Hwang Hee-chan,kr KOR,"MF,FW",Wolves,29-085,1996.0,19,5,645,7.2,2,0,2,2,0,0,0,0,0.8,0.8,0.1,0.9,15,12,40,0.28,0.0,0.28,0.28,0.28,0.11,0.02,0.13,0.11,0.13,Matches
231,Dean Henderson,eng ENG,GK,Crystal Palace,28-040,1997.0,33,33,2970,33.0,0,0,0,0,0,0,3,0,0.0,0.0,0.1,0.1,0,0,0,0.0,0.0,0.0,0.0,0.0,0.0,0.0,0.0,0.0,0.0,Matches
232,Rico Henry,eng ENG,DF,Brentford,27-287,1997.0,2,0,19,0.2,0,0,0,0,0,0,0,0,0.0,0.0,0.0,0.0,0,1,1,0.0,0.0,0.0,0.0,0.0,0.0,0.0,0.0,0.0,0.0,Matches
233,Mads Hermansen,dk DEN,GK,Leicester City,24-284,2000.0,26,26,2295,25.5,0,0,0,0,0,0,1,0,0.0,0.0,0.0,0.0,0,1,0,0.0,0.0,0.0,0.0,0.0,0.0,0.0,0.0,0.0,0.0,Matches
234,Son Heung-min,kr KOR,FW,Tottenham,32-287,1992.0,28,23,2004,22.3,7,9,16,6,1,2,1,0,7.0,5.4,8.2,13.7,87,104,259,0.31,0.4,0.72,0.27,0.67,0.31,0.37,0.68,0.24,0.61,Matches
235,James Hill,eng ENG,DF,Bournemouth,23-101,2002.0,10,6,448,5.0,0,1,1,0,0,0,1,0,0.3,0.3,0.3,0.6,3,16,8,0.0,0.2,0.2,0.0,0.2,0.06,0.05,0.11,0.06,0.11,Matches
236,Jack Hinshelwood,eng ENG,"DF,MF",Brighton,20-010,2005.0,21,19,1595,17.7,2,1,3,2,0,0,4,0,1.4,1.4,1.2,2.6,16,55,44,0.11,0.06,0.17,0.11,0.17,0.08,0.07,0.15,0.08,0.15,Matches
237,George Hirst,sct SCO,FW,Ipswich Town,26-065,1999.0,21,3,451,5.0,2,1,3,2,0,0,1,0,1.3,1.3,0.3,1.5,9,11,25,0.4,0.2,0.6,0.4,0.6,0.26,0.05,0.31,0.26,0.31,Matches
238,Mason Holgate,eng ENG,"FW,DF",Everton,28-181,1996.0,1,0,6,0.1,0,0,0,0,0,0,0,0,0.0,0.0,0.0,0.0,0,0,0,0.0,0.0,0.0,0.0,0.0,0.0,0.0,0.0,0.0,0.0,Matches
239,Callum Hudson-Odoi,eng ENG,FW,Nott'ham Forest,24-165,2000.0,27,24,2074,23.0,5,2,7,5,0,0,2,0,2.5,2.5,2.7,5.2,123,66,186,0.22,0.09,0.3,0.22,0.3,0.11,0.12,0.22,0.11,0.22,Matches
240,Will Hughes,eng ENG,MF,Crystal Palace,30-004,1995.0,28,21,1841,20.5,0,3,3,0,0,0,11,0,1.0,1.0,2.7,3.7,18,82,24,0.0,0.15,0.15,0.0,0.15,0.05,0.13,0.18,0.05,0.18,Matches
241,Dean Huijsen,es ESP,DF,Bournemouth,20-007,2005.0,27,22,2054,22.8,2,1,3,2,0,0,7,0,1.7,1.7,2.0,3.7,35,107,10,0.09,0.04,0.13,0.09,0.13,0.08,0.09,0.16,0.08,0.16,Matches
242,Omari Hutchinson,eng ENG,"MF,FW",Ipswich Town,21-173,2003.0,27,26,2223,24.7,3,2,5,3,0,0,5,0,2.3,2.3,2.5,4.8,71,69,131,0.12,0.08,0.2,0.12,0.2,0.09,0.1,0.19,0.09,0.19,Matches
243,Rasmus Højlund,dk DEN,FW,Manchester Utd,22-076,2003.0,28,19,1654,18.4,3,0,3,3,0,0,2,0,3.4,3.4,1.2,4.5,26,16,82,0.16,0.0,0.16,0.16,0.16,0.18,0.06,0.25,0.18,0.25,Matches
244,Igor,br BRA,DF,Brighton,27-073,1998.0,12,9,903,10.0,0,0,0,0,0,0,4,0,0.0,0.0,0.2,0.2,9,44,0,0.0,0.0,0.0,0.0,0.0,0.0,0.02,0.02,0.0,0.02,Matches
245,Danny Ings,eng ENG,"FW,MF",West Ham,32-272,1992.0,15,1,284,3.2,1,2,3,1,0,0,0,0,2.3,2.3,1.3,3.5,6,5,29,0.32,0.63,0.95,0.32,0.95,0.72,0.41,1.12,0.72,1.12,Matches
246,Tim Iroegbunam,eng ENG,MF,Everton,21-295,2003.0,16,5,566,6.3,0,1,1,0,0,0,4,0,0.2,0.2,0.2,0.4,8,14,9,0.0,0.16,0.16,0.0,0.16,0.04,0.03,0.07,0.04,0.07,Matches
247,Andy Irving,sct SCO,MF,West Ham,24-343,2000.0,10,1,166,1.8,0,0,0,0,0,0,2,0,0.1,0.1,0.2,0.4,0,9,4,0.0,0.0,0.0,0.0,0.0,0.06,0.13,0.19,0.06,0.19,Matches
248,Alexander Isak,se SWE,FW,Newcastle Utd,25-212,1999.0,30,30,2411,26.8,21,6,27,19,2,2,1,0,17.5,16.0,4.0,20.0,76,74,192,0.78,0.22,1.01,0.71,0.93,0.66,0.15,0.81,0.6,0.75,Matches
249,Alex Iwobi,ng NGA,"FW,MF",Fulham,28-353,1996.0,33,31,2636,29.3,9,5,14,9,0,0,1,0,4.3,4.3,6.4,10.6,128,185,214,0.31,0.17,0.48,0.31,0.48,0.15,0.22,0.36,0.15,0.36,Matches
250,Nicolas Jackson,sn SEN,FW,Chelsea,23-305,2001.0,27,25,2025,22.5,9,5,14,9,0,0,7,0,12.1,12.1,4.3,16.4,44,35,114,0.4,0.22,0.62,0.4,0.62,0.54,0.19,0.73,0.54,0.73,Matches
251,Reece James,eng ENG,"DF,MF",Chelsea,25-134,1999.0,14,10,811,9.0,1,0,1,1,0,0,1,0,0.3,0.3,0.5,0.8,6,50,9,0.11,0.0,0.11,0.11,0.11,0.03,0.06,0.09,0.03,0.09,Matches
252,Vitaly Janelt,de GER,MF,Brentford,26-346,1998.0,32,27,2254,25.0,1,3,4,1,0,0,3,0,0.8,0.8,2.2,3.0,17,80,38,0.04,0.12,0.16,0.04,0.16,0.03,0.09,0.12,0.03,0.12,Matches
253,Vitezslav Jaros,cz CZE,GK,Liverpool,23-272,2001.0,1,0,12,0.1,0,0,0,0,0,0,0,0,0.0,0.0,0.0,0.0,0,0,0,0.0,0.0,0.0,0.0,0.0,0.0,0.0,0.0,0.0,0.0,Matches
254,Daniel Jebbison,eng ENG,FW,Bournemouth,21-251,2003.0,11,0,75,0.8,0,0,0,0,0,0,1,0,0.2,0.2,0.2,0.4,2,3,11,0.0,0.0,0.0,0.0,0.0,0.25,0.24,0.48,0.25,0.48,Matches
255,Mathias Jensen,dk DEN,MF,Brentford,29-110,1996.0,19,8,770,8.6,0,2,2,0,0,0,2,0,0.2,0.2,1.6,1.8,6,55,26,0.0,0.23,0.23,0.0,0.23,0.03,0.19,0.22,0.03,0.22,Matches
256,Gabriel Jesus,br BRA,FW,Arsenal,28-018,1997.0,17,6,608,6.8,3,0,3,3,0,0,4,0,3.0,3.0,0.7,3.7,15,19,57,0.44,0.0,0.44,0.44,0.44,0.44,0.1,0.54,0.44,0.54,Matches
257,Raúl Jiménez,mx MEX,FW,Fulham,33-351,1991.0,33,25,2044,22.7,10,3,13,7,3,3,3,0,10.4,8.1,2.9,11.0,31,51,113,0.44,0.13,0.57,0.31,0.44,0.46,0.13,0.59,0.36,0.48,Matches
258,Kim Jisoo,kr KOR,DF,Brentford,20-118,2004.0,3,0,30,0.3,0,0,0,0,0,0,0,0,0.0,0.0,0.0,0.0,0,2,0,0.0,0.0,0.0,0.0,0.0,0.0,0.0,0.0,0.0,0.0,Matches
259,João Pedro,br BRA,"FW,MF",Brighton,23-207,2001.0,27,23,1948,21.6,10,6,16,5,5,5,4,1,8.9,5.0,5.0,10.0,66,78,128,0.46,0.28,0.74,0.23,0.51,0.41,0.23,0.64,0.23,0.46,Matches
260,Joelinton,br BRA,"MF,FW",Newcastle Utd,28-250,1996.0,29,29,2393,26.6,4,3,7,4,0,0,10,0,3.9,3.9,2.5,6.4,40,116,110,0.15,0.11,0.26,0.15,0.26,0.15,0.09,0.24,0.15,0.24,Matches
261,Ben Johnson,eng ENG,"DF,FW",Ipswich Town,25-087,2000.0,21,13,1312,14.6,1,2,3,1,0,0,3,0,1.1,1.1,1.3,2.3,16,25,32,0.07,0.14,0.21,0.07,0.21,0.07,0.09,0.16,0.07,0.16,Matches
262,Brennan Johnson,wls WAL,FW,Tottenham,23-333,2001.0,29,22,1969,21.9,11,3,14,11,0,0,5,0,9.8,9.8,2.3,12.1,56,66,186,0.5,0.14,0.64,0.5,0.64,0.45,0.1,0.55,0.45,0.55,Matches
263,Sam Johnstone,eng ENG,GK,Wolves,32-027,1993.0,7,7,630,7.0,0,0,0,0,0,0,0,0,0.0,0.0,0.0,0.0,0,0,0,0.0,0.0,0.0,0.0,0.0,0.0,0.0,0.0,0.0,0.0,Matches
264,Curtis Jones,eng ENG,"MF,DF",Liverpool,24-081,2001.0,28,16,1415,15.7,3,3,6,3,0,0,3,1,4.1,4.1,1.0,5.1,21,83,67,0.19,0.19,0.38,0.19,0.38,0.26,0.06,0.32,0.26,0.32,Matches
265,Jorginho,it ITA,MF,Arsenal,33-122,1991.0,14,9,703,7.8,0,0,0,0,0,0,5,0,0.1,0.1,0.4,0.5,12,48,6,0.0,0.0,0.0,0.0,0.0,0.01,0.05,0.06,0.01,0.06,Matches
266,Diogo Jota,pt POR,FW,Liverpool,28-138,1996.0,22,13,1074,11.9,6,3,9,6,0,0,2,0,7.3,7.3,1.8,9.1,36,33,85,0.5,0.25,0.75,0.5,0.75,0.61,0.15,0.76,0.61,0.76,Matches
267,James Justin,eng ENG,DF,Leicester City,27-057,1998.0,31,30,2534,28.2,2,1,3,2,0,0,5,0,1.5,1.5,0.5,2.0,36,80,90,0.07,0.04,0.11,0.07,0.11,0.05,0.02,0.07,0.05,0.07,Matches
268,Filip Jørgensen,dk DEN,GK,Chelsea,23-005,2002.0,6,6,540,6.0,0,0,0,0,0,0,0,0,0.0,0.0,0.0,0.0,0,0,0,0.0,0.0,0.0,0.0,0.0,0.0,0.0,0.0,0.0,0.0,Matches
269,Ferdi Kadioglu,tr TUR,"DF,MF",Brighton,25-196,1999.0,6,5,385,4.3,1,0,1,1,0,0,1,0,0.4,0.4,0.2,0.6,1,15,27,0.23,0.0,0.23,0.23,0.23,0.1,0.04,0.14,0.1,0.14,Matches
270,Daichi Kamada,jp JPN,MF,Crystal Palace,28-259,1996.0,29,12,1248,13.9,0,0,0,0,0,0,3,1,0.9,0.9,1.6,2.6,23,71,50,0.0,0.0,0.0,0.0,0.0,0.07,0.12,0.18,0.07,0.18,Matches
271,Boubacar Kamara,fr FRA,MF,Aston Villa,25-149,1999.0,21,15,1283,14.3,0,0,0,0,0,0,2,0,0.4,0.4,0.9,1.3,16,68,5,0.0,0.0,0.0,0.0,0.0,0.03,0.06,0.09,0.03,0.09,Matches
272,Michael Kayode,it ITA,DF,Brentford,20-285,2004.0,7,1,128,1.4,0,0,0,0,0,0,1,0,0.0,0.0,0.2,0.2,3,2,10,0.0,0.0,0.0,0.0,0.0,0.0,0.11,0.11,0.0,0.11,Matches
273,Michael Keane,eng ENG,DF,Everton,32-100,1993.0,11,9,852,9.5,2,0,2,2,0,0,5,0,0.4,0.4,0.1,0.5,1,12,3,0.21,0.0,0.21,0.21,0.21,0.05,0.01,0.06,0.05,0.06,Matches
274,Caoimhín Kelleher,ie IRL,GK,Liverpool,26-149,1998.0,10,10,900,10.0,0,0,0,0,0,0,0,0,0.0,0.0,0.0,0.0,0,0,0,0.0,0.0,0.0,0.0,0.0,0.0,0.0,0.0,0.0,0.0,Matches
275,Lloyd Kelly,eng ENG,DF,Newcastle Utd,26-197,1998.0,10,4,303,3.4,0,1,1,0,0,0,2,0,0.4,0.4,0.5,0.9,0,9,5,0.0,0.3,0.3,0.0,0.3,0.12,0.14,0.26,0.12,0.26,Matches
276,Milos Kerkez,hu HUN,DF,Bournemouth,21-165,2003.0,33,33,2897,32.2,2,5,7,2,0,0,4,0,0.5,0.5,3.3,3.8,89,141,161,0.06,0.16,0.22,0.06,0.22,0.02,0.1,0.12,0.01,0.12,Matches
277,Bilal El Khannouss,ma MAR,MF,Leicester City,20-346,2004.0,28,23,1838,20.4,2,2,4,2,0,0,4,0,0.8,0.8,3.1,3.9,61,112,71,0.1,0.1,0.2,0.1,0.2,0.04,0.15,0.19,0.04,0.19,Matches
278,Abdukodir Khusanov,uz UZB,DF,Manchester City,21-051,2004.0,6,6,503,5.6,0,0,0,0,0,0,1,0,0.0,0.0,0.1,0.1,1,25,2,0.0,0.0,0.0,0.0,0.0,0.0,0.02,0.02,0.0,0.02,Matches
279,Max Kilman,eng ENG,DF,West Ham,27-333,1997.0,33,33,2898,32.2,0,1,1,0,0,0,4,0,1.4,1.4,1.1,2.6,28,103,5,0.0,0.03,0.03,0.0,0.03,0.04,0.04,0.08,0.04,0.08,Matches
280,Joshua King,eng ENG,"MF,FW",Fulham,18-108,2007.0,5,1,80,0.9,0,0,0,0,0,0,0,0,0.2,0.2,0.4,0.6,1,4,9,0.0,0.0,0.0,0.0,0.0,0.22,0.48,0.7,0.22,0.7,Matches
281,Antonín Kinský,cz CZE,GK,Tottenham,22-039,2003.0,4,4,360,4.0,0,0,0,0,0,0,0,0,0.0,0.0,0.1,0.1,1,1,0,0.0,0.0,0.0,0.0,0.0,0.0,0.02,0.02,0.0,0.02,Matches
282,Jakub Kiwior,pl POL,DF,Arsenal,25-065,2000.0,12,5,672,7.5,0,0,0,0,0,0,0,0,0.1,0.1,0.3,0.4,4,23,0,0.0,0.0,0.0,0.0,0.0,0.02,0.03,0.05,0.02,0.05,Matches
283,Justin Kluivert,nl NED,"MF,FW",Bournemouth,25-351,1999.0,29,25,2026,22.5,12,6,18,6,6,6,7,0,9.9,5.1,4.8,9.9,68,94,142,0.53,0.27,0.8,0.27,0.53,0.44,0.21,0.65,0.23,0.44,Matches
284,Ibrahima Konaté,fr FRA,DF,Liverpool,25-331,1999.0,27,26,2230,24.8,1,2,3,1,0,0,5,0,1.6,1.6,1.0,2.6,21,102,2,0.04,0.08,0.12,0.04,0.12,0.07,0.04,0.11,0.07,0.11,Matches
285,Ezri Konsa,eng ENG,DF,Aston Villa,27-180,1997.0,29,28,2486,27.6,1,0,1,1,0,0,0,0,0.9,0.9,0.4,1.2,16,72,11,0.04,0.0,0.04,0.04,0.04,0.03,0.01,0.04,0.03,0.04,Matches
286,Mateo Kovačić,hr CRO,MF,Manchester City,30-350,1994.0,27,21,1870,20.8,6,1,7,6,0,0,5,0,1.7,1.7,3.5,5.2,49,136,14,0.29,0.05,0.34,0.29,0.34,0.08,0.17,0.25,0.08,0.25,Matches
287,Caleb Kporha,eng ENG,DF,Crystal Palace,18-280,2006.0,2,0,13,0.1,0,0,0,0,0,0,0,0,0.0,0.0,0.0,0.0,1,0,0,0.0,0.0,0.0,0.0,0.0,0.0,0.0,0.0,0.0,0.0,Matches
288,Emil Krafth,se SWE,DF,Newcastle Utd,30-262,1994.0,9,2,288,3.2,0,0,0,0,0,0,0,0,0.0,0.0,0.1,0.1,3,7,1,0.0,0.0,0.0,0.0,0.0,0.01,0.03,0.04,0.01,0.04,Matches
289,Mohammed Kudus,gh GHA,"FW,MF",West Ham,24-262,2000.0,27,27,2241,24.9,3,2,5,3,0,0,1,1,6.2,6.2,2.3,8.5,87,71,189,0.12,0.08,0.2,0.12,0.2,0.25,0.09,0.34,0.25,0.34,Matches
290,Dejan Kulusevski,se SWE,"MF,FW",Tottenham,24-361,2000.0,28,24,2170,24.1,7,4,11,7,0,0,3,0,4.1,4.1,6.1,10.2,115,118,201,0.29,0.17,0.46,0.29,0.46,0.17,0.25,0.42,0.17,0.42,Matches
291,Maxence Lacroix,fr FRA,DF,Crystal Palace,25-015,2000.0,30,30,2666,29.6,1,1,2,1,0,0,5,0,2.8,2.8,0.8,3.6,8,58,7,0.03,0.03,0.07,0.03,0.07,0.1,0.03,0.12,0.1,0.12,Matches
292,Adam Lallana,eng ENG,MF,Southampton,36-346,1988.0,14,5,361,4.0,0,2,2,0,0,0,4,0,0.2,0.2,0.9,1.1,6,24,10,0.0,0.5,0.5,0.0,0.5,0.04,0.23,0.27,0.04,0.27,Matches
293,Tariq Lamptey,gh GHA,DF,Brighton,24-203,2000.0,13,9,765,8.5,2,2,4,2,0,0,0,0,0.4,0.4,0.8,1.2,25,12,40,0.24,0.24,0.47,0.24,0.47,0.05,0.09,0.14,0.05,0.14,Matches
294,Will Lankshear,eng ENG,"FW,MF",Tottenham,20-001,2005.0,3,0,11,0.1,0,0,0,0,0,0,0,0,0.0,0.0,0.0,0.0,0,0,1,0.0,0.0,0.0,0.0,0.0,0.0,0.0,0.0,0.0,0.0,Matches
295,Roméo Lavia,be BEL,MF,Chelsea,21-105,2004.0,11,8,541,6.0,0,1,1,0,0,0,4,0,0.2,0.2,0.7,0.9,3,18,6,0.0,0.17,0.17,0.0,0.17,0.03,0.11,0.14,0.03,0.14,Matches
296,Mario Lemina,ga GAB,"MF,DF",Wolves,31-232,1993.0,17,15,1364,15.2,1,3,4,1,0,0,4,0,1.4,1.4,1.1,2.5,8,48,21,0.07,0.2,0.26,0.07,0.26,0.09,0.07,0.17,0.09,0.17,Matches
297,Bernd Leno,de GER,GK,Fulham,33-048,1992.0,33,33,2970,33.0,0,1,1,0,0,0,4,0,0.0,0.0,0.1,0.1,0,0,0,0.0,0.03,0.03,0.0,0.03,0.0,0.0,0.0,0.0,0.0,Matches
298,Jefferson Lerma,co COL,"MF,DF",Crystal Palace,30-178,1994.0,28,22,1940,21.6,0,1,1,0,0,0,8,0,1.0,1.0,1.5,2.5,11,83,24,0.0,0.05,0.05,0.0,0.05,0.05,0.07,0.11,0.05,0.11,Matches
299,Rico Lewis,eng ENG,"DF,MF",Manchester City,20-151,2004.0,26,20,1810,20.1,1,2,3,1,0,0,5,1,1.4,1.4,0.3,1.7,36,103,68,0.05,0.1,0.15,0.05,0.15,0.07,0.02,0.08,0.07,0.08,Matches
300,Keane Lewis-Potter,eng ENG,"DF,FW",Brentford,24-058,2001.0,33,31,2714,30.2,1,3,4,1,0,0,5,0,2.6,2.6,3.0,5.6,92,88,143,0.03,0.1,0.13,0.03,0.13,0.08,0.1,0.18,0.08,0.18,Matches
301,Myles Lewis-Skelly,eng ENG,DF,Arsenal,18-207,2006.0,18,11,993,11.0,1,0,1,1,0,0,2,2,0.1,0.1,0.2,0.4,26,55,24,0.09,0.0,0.09,0.09,0.09,0.01,0.02,0.03,0.01,0.03,Matches
302,Matthijs de Ligt,nl NED,DF,Manchester Utd,25-252,1999.0,28,24,2089,23.2,2,0,2,2,0,0,3,0,2.5,2.5,0.3,2.8,7,55,6,0.09,0.0,0.09,0.09,0.09,0.11,0.01,0.12,0.11,0.12,Matches
303,Pedro Lima,br BRA,DF,Wolves,18-294,2006.0,3,1,70,0.8,0,0,0,0,0,0,0,0,0.1,0.1,0.1,0.1,4,4,11,0.0,0.0,0.0,0.0,0.0,0.07,0.09,0.16,0.07,0.16,Matches
304,Victor Lindelöf,se SWE,DF,Manchester Utd,30-278,1994.0,11,4,445,4.9,0,0,0,0,0,0,1,0,0.0,0.0,0.1,0.1,1,7,1,0.0,0.0,0.0,0.0,0.0,0.0,0.02,0.02,0.0,0.02,Matches
305,Jesper Lindstrøm,dk DEN,FW,Everton,25-051,2000.0,25,15,1239,13.8,0,1,1,0,0,0,2,0,2.1,2.1,2.0,4.1,30,25,81,0.0,0.07,0.07,0.0,0.07,0.15,0.15,0.3,0.15,0.3,Matches
306,Valentino Livramento,eng ENG,DF,Newcastle Utd,22-160,2002.0,32,27,2390,26.6,0,1,1,0,0,0,1,0,0.2,0.2,2.3,2.6,68,129,85,0.0,0.04,0.04,0.0,0.04,0.01,0.09,0.1,0.01,0.1,Matches
307,Sean Longstaff,eng ENG,MF,Newcastle Utd,27-173,1997.0,24,8,797,8.9,0,0,0,0,0,0,2,0,0.6,0.6,0.2,0.8,4,40,22,0.0,0.0,0.0,0.0,0.0,0.07,0.02,0.09,0.07,0.09,Matches
308,Saša Lukić,rs SRB,MF,Fulham,28-251,1996.0,26,25,2034,22.6,0,2,2,0,0,0,12,0,0.9,0.9,2.6,3.5,37,83,28,0.0,0.09,0.09,0.0,0.09,0.04,0.11,0.16,0.04,0.16,Matches
309,Joe Lumley,eng ENG,GK,Southampton,30-065,1995.0,3,3,270,3.0,0,0,0,0,0,0,0,0,0.0,0.0,0.0,0.0,0,0,0,0.0,0.0,0.0,0.0,0.0,0.0,0.0,0.0,0.0,0.0,Matches
310,Massimo Luongo,au AUS,MF,Ipswich Town,32-208,1992.0,8,2,191,2.1,0,0,0,0,0,0,0,0,0.0,0.0,0.0,0.0,0,5,1,0.0,0.0,0.0,0.0,0.0,0.0,0.0,0.0,0.0,0.0,Matches
311,Ian Maatsen,nl NED,DF,Aston Villa,23-042,2002.0,25,7,887,9.9,1,2,3,1,0,0,2,0,0.7,0.7,2.7,3.4,26,39,84,0.1,0.2,0.3,0.1,0.3,0.08,0.27,0.35,0.08,0.35,Matches
312,Alexis Mac Allister,ar ARG,MF,Liverpool,26-118,1998.0,32,29,2471,27.5,4,4,8,4,0,0,6,0,2.7,2.7,4.4,7.0,32,169,75,0.15,0.15,0.29,0.15,0.29,0.1,0.16,0.26,0.1,0.26,Matches
313,James Maddison,eng ENG,MF,Tottenham,28-149,1996.0,30,20,1764,19.6,9,6,15,9,0,0,6,0,5.8,5.8,4.1,9.9,43,160,92,0.46,0.31,0.77,0.46,0.77,0.3,0.21,0.51,0.3,0.51,Matches
314,Noni Madueke,eng ENG,FW,Chelsea,23-042,2002.0,27,22,1646,18.3,7,3,10,7,0,0,3,0,7.9,7.9,3.9,11.8,124,60,198,0.38,0.16,0.55,0.38,0.55,0.43,0.21,0.65,0.43,0.65,Matches
315,Gabriel Magalhães,br BRA,DF,Arsenal,27-123,1997.0,28,28,2363,26.3,3,1,4,3,0,0,4,0,2.6,2.6,0.9,3.5,10,126,11,0.11,0.04,0.15,0.11,0.15,0.1,0.03,0.13,0.1,0.13,Matches
316,Edmond-Paris Maghoma,eng ENG,"MF,FW",Brentford,23-348,2001.0,8,0,119,1.3,0,0,0,0,0,0,0,0,0.1,0.1,0.1,0.2,4,13,4,0.0,0.0,0.0,0.0,0.0,0.09,0.08,0.17,0.09,0.17,Matches
317,Harry Maguire,eng ENG,DF,Manchester Utd,32-047,1993.0,22,16,1418,15.8,1,0,1,1,0,0,7,0,1.4,1.4,0.3,1.6,6,42,5,0.06,0.0,0.06,0.06,0.06,0.09,0.02,0.1,0.09,0.1,Matches
318,Kobbie Mainoo,eng ENG,MF,Manchester Utd,20-002,2005.0,20,16,1352,15.0,0,0,0,0,0,0,5,0,0.5,0.5,1.5,2.1,19,55,36,0.0,0.0,0.0,0.0,0.0,0.04,0.1,0.14,0.04,0.14,Matches
319,Tyrell Malacia,nl NED,DF,Manchester Utd,25-247,1999.0,3,2,100,1.1,0,0,0,0,0,0,1,0,0.0,0.0,0.0,0.0,3,3,6,0.0,0.0,0.0,0.0,0.0,0.0,0.03,0.03,0.0,0.03,Matches
320,Donyell Malen,nl NED,FW,Aston Villa,26-102,1999.0,10,2,268,3.0,3,0,3,3,0,0,0,0,1.6,1.6,0.1,1.7,8,5,23,1.01,0.0,1.01,1.01,1.01,0.55,0.02,0.57,0.55,0.57,Matches
321,Orel Mangala,be BEL,MF,Everton,27-034,1998.0,19,14,1261,14.0,1,0,1,1,0,0,2,0,1.1,1.1,0.6,1.8,6,34,19,0.07,0.0,0.07,0.07,0.07,0.08,0.05,0.13,0.08,0.13,Matches
322,Ryan Manning,ie IRL,"DF,MF",Southampton,28-311,1996.0,21,16,1279,14.2,0,0,0,0,0,0,2,0,0.3,0.3,2.7,3.1,12,31,68,0.0,0.0,0.0,0.0,0.0,0.02,0.19,0.21,0.02,0.21,Matches
323,Solly March,eng ENG,"FW,MF",Brighton,30-275,1994.0,7,0,106,1.2,0,0,0,0,0,0,2,0,0.1,0.1,0.3,0.3,2,1,14,0.0,0.0,0.0,0.0,0.0,0.06,0.23,0.29,0.06,0.29,Matches
324,Omar Marmoush,eg EGY,"FW,MF",Manchester City,26-073,1999.0,11,10,826,9.2,6,0,6,6,0,0,0,0,4.4,4.4,1.6,6.0,19,23,61,0.65,0.0,0.65,0.65,0.65,0.48,0.18,0.66,0.48,0.66,Matches
325,Gabriel Martinelli,br BRA,"FW,MF",Arsenal,23-307,2001.0,28,20,1866,20.7,7,4,11,7,0,0,1,0,5.8,5.8,4.3,10.1,104,43,248,0.34,0.19,0.53,0.34,0.53,0.28,0.21,0.49,0.28,0.49,Matches
326,Emiliano Martínez,ar ARG,GK,Aston Villa,32-231,1992.0,32,32,2790,31.0,0,0,0,0,0,0,4,0,0.0,0.0,0.5,0.5,0,3,0,0.0,0.0,0.0,0.0,0.0,0.0,0.02,0.02,0.0,0.02,Matches
327,Lisandro Martínez,ar ARG,DF,Manchester Utd,27-093,1998.0,20,20,1751,19.5,2,1,3,2,0,0,7,0,1.3,1.3,1.1,2.4,23,117,7,0.1,0.05,0.15,0.1,0.15,0.07,0.06,0.13,0.07,0.13,Matches
328,Pape Matar Sarr,sn SEN,MF,Tottenham,22-219,2002.0,30,17,1511,16.8,3,2,5,3,0,0,6,0,3.2,3.2,1.5,4.7,29,75,43,0.18,0.12,0.3,0.18,0.3,0.19,0.09,0.28,0.19,0.28,Matches
329,Jean-Philippe Mateta,fr FRA,FW,Crystal Palace,27-297,1997.0,32,30,2431,27.0,13,2,15,11,2,2,2,0,12.0,10.4,3.0,13.4,36,45,114,0.48,0.07,0.56,0.41,0.48,0.45,0.11,0.56,0.39,0.5,Matches
330,Stephy Mavididi,eng ENG,FW,Leicester City,26-325,1998.0,30,16,1615,17.9,4,1,5,4,0,0,2,0,1.8,1.8,2.6,4.4,91,57,138,0.22,0.06,0.28,0.22,0.28,0.1,0.15,0.25,0.1,0.25,Matches
331,Konstantinos Mavropanos,gr GRE,DF,West Ham,27-131,1997.0,29,19,1854,20.6,0,0,0,0,0,0,5,1,1.5,1.5,0.5,2.0,16,58,2,0.0,0.0,0.0,0.0,0.0,0.07,0.02,0.09,0.07,0.09,Matches
332,Noussair Mazraoui,ma MAR,DF,Manchester Utd,27-158,1997.0,33,30,2565,28.5,0,1,1,0,0,0,2,0,0.6,0.6,1.3,1.9,36,102,47,0.0,0.04,0.04,0.0,0.04,0.02,0.05,0.07,0.02,0.07,Matches
333,Bryan Mbeumo,cm CMR,FW,Brentford,25-257,1999.0,33,33,2964,32.9,18,6,24,13,5,5,2,0,10.6,6.6,7.8,14.5,110,125,300,0.55,0.18,0.73,0.39,0.58,0.32,0.24,0.56,0.2,0.44,Matches
334,James Mcatee,eng ENG,"MF,FW",Manchester City,22-185,2002.0,12,1,224,2.5,3,0,3,3,0,0,1,0,2.7,2.7,0.3,3.1,7,6,18,1.21,0.0,1.21,1.21,1.21,1.1,0.13,1.24,1.1,1.24,Matches
335,Kasey McAteer,ie IRL,"FW,MF",Leicester City,23-150,2001.0,13,5,484,5.4,0,1,1,0,0,0,1,0,0.6,0.6,0.5,1.1,13,9,42,0.0,0.19,0.19,0.0,0.19,0.11,0.09,0.2,0.11,0.2,Matches
336,Alex McCarthy,eng ENG,GK,Southampton,35-139,1989.0,5,5,450,5.0,0,0,0,0,0,0,0,0,0.0,0.0,0.0,0.0,0,0,0,0.0,0.0,0.0,0.0,0.0,0.0,0.0,0.0,0.0,0.0,Matches
337,John McGinn,sct SCO,"MF,FW",Aston Villa,30-185,1994.0,29,24,1962,21.8,1,3,4,1,0,0,7,0,2.9,2.6,3.4,6.0,30,89,68,0.05,0.14,0.18,0.05,0.18,0.13,0.15,0.29,0.12,0.27,Matches
338,Dwight McNeil,eng ENG,"MF,FW",Everton,25-150,1999.0,16,13,1157,12.9,3,4,7,3,0,0,1,0,0.9,0.9,3.8,4.7,32,61,66,0.23,0.31,0.54,0.23,0.54,0.07,0.29,0.36,0.07,0.36,Matches
339,Scott McTominay,sct SCO,MF,Manchester Utd,28-134,1996.0,2,0,19,0.2,0,0,0,0,0,0,0,0,0.1,0.1,0.0,0.1,0,1,2,0.0,0.0,0.0,0.0,0.0,0.33,0.0,0.33,0.33,0.33,Matches
340,Ben Mee,eng ENG,DF,Brentford,35-212,1989.0,7,2,183,2.0,0,0,0,0,0,0,2,0,0.0,0.0,0.0,0.0,3,11,2,0.0,0.0,0.0,0.0,0.0,0.0,0.0,0.0,0.0,0.0,Matches
341,Jayden Meghoma,eng ENG,DF,Brentford,18-297,2006.0,1,0,5,0.1,0,0,0,0,0,0,0,0,0.0,0.0,0.0,0.0,0,0,0,0.0,0.0,0.0,0.0,0.0,0.0,0.0,0.0,0.0,0.0,Matches
342,Mikel Merino,es ESP,"MF,FW",Arsenal,28-303,1996.0,25,15,1401,15.6,6,2,8,6,0,0,2,0,4.4,4.4,1.9,6.3,9,61,86,0.39,0.13,0.51,0.39,0.51,0.28,0.12,0.4,0.28,0.4,Matches
343,Shumaira Mheuka,eng ENG,MF,Chelsea,17-183,2007.0,1,0,1,0.0,0,0,0,0,0,0,0,0,0.1,0.1,0.0,0.1,0,0,0,0.0,0.0,0.0,0.0,0.0,5.06,0.0,5.06,5.06,5.06,Matches
344,Nikola Milenković,rs SRB,DF,Nott'ham Forest,27-191,1997.0,31,31,2790,31.0,4,2,6,4,0,0,4,0,3.6,3.6,0.8,4.4,3,45,5,0.13,0.06,0.19,0.13,0.19,0.12,0.03,0.14,0.12,0.14,Matches
345,Lewis Miley,eng ENG,MF,Newcastle Utd,18-355,2006.0,11,1,225,2.5,1,0,1,1,0,0,0,0,0.5,0.5,0.0,0.6,1,13,6,0.4,0.0,0.4,0.4,0.4,0.22,0.01,0.23,0.22,0.23,Matches
346,James Milner,eng ENG,MF,Brighton,39-107,1986.0,3,3,169,1.9,0,0,0,0,0,0,1,0,0.2,0.2,0.2,0.4,1,10,10,0.0,0.0,0.0,0.0,0.0,0.09,0.12,0.21,0.09,0.21,Matches
347,Tyrone Mings,eng ENG,DF,Aston Villa,32-039,1993.0,13,11,1051,11.7,0,0,0,0,0,0,1,0,0.8,0.8,0.2,1.0,6,39,0,0.0,0.0,0.0,0.0,0.0,0.07,0.02,0.09,0.07,0.09,Matches
348,Yankuba Minteh,gm GAM,"FW,MF",Brighton,20-273,2004.0,27,16,1470,16.3,5,4,9,5,0,0,6,0,3.7,3.7,4.7,8.4,63,35,154,0.31,0.24,0.55,0.31,0.55,0.23,0.29,0.52,0.23,0.52,Matches
349,Tyrick Mitchell,eng ENG,DF,Crystal Palace,25-232,1999.0,33,33,2762,30.7,0,4,4,0,0,0,2,0,1.2,1.2,5.6,6.8,55,59,153,0.0,0.13,0.13,0.0,0.13,0.04,0.18,0.22,0.04,0.22,Matches
350,Kaoru Mitoma,jp JPN,"FW,MF",Brighton,27-336,1997.0,32,28,2493,27.7,8,3,11,8,0,0,1,0,8.2,8.2,4.4,12.6,136,81,274,0.29,0.11,0.4,0.29,0.4,0.3,0.16,0.46,0.3,0.46,Matches
351,Jakub Moder,pl POL,MF,Brighton,26-014,1999.0,4,0,11,0.1,0,0,0,0,0,0,0,0,0.0,0.0,0.2,0.2,2,4,0,0.0,0.0,0.0,0.0,0.0,0.0,1.45,1.45,0.0,1.45,Matches
352,Jeremy Monga,,FW,Leicester City,,1998.473404255319,2,0,23,0.3,0,0,0,0,0,0,0,0,0.0,0.0,0.0,0.0,0,1,3,0.0,0.0,0.0,0.0,0.0,0.0,0.0,0.0,0.0,0.0,Matches
353,Mikey Moore,eng ENG,"FW,MF",Tottenham,17-253,2007.0,7,2,185,2.1,0,1,1,0,0,0,0,0,0.2,0.2,0.3,0.5,9,7,30,0.0,0.49,0.49,0.0,0.49,0.1,0.16,0.26,0.1,0.26,Matches
354,Morato,br BRA,DF,Nott'ham Forest,23-295,2001.0,22,5,754,8.4,0,0,0,0,0,0,2,0,0.2,0.2,0.0,0.2,0,14,1,0.0,0.0,0.0,0.0,0.0,0.02,0.0,0.02,0.02,0.02,Matches
355,Álex Moreno,es ESP,"DF,MF",Nott'ham Forest,31-317,1993.0,15,11,955,10.6,0,1,1,0,0,0,2,0,0.2,0.2,1.3,1.4,26,34,34,0.0,0.09,0.09,0.0,0.09,0.02,0.12,0.13,0.02,0.13,Matches
356,Sam Morsy,eg EGY,MF,Ipswich Town,33-223,1991.0,28,26,2329,25.9,1,1,2,1,0,0,9,0,0.3,0.3,0.8,1.1,14,101,9,0.04,0.04,0.08,0.04,0.08,0.01,0.03,0.04,0.01,0.04,Matches
357,Yerson Mosquera,co COL,DF,Wolves,23-354,2001.0,5,5,441,4.9,0,0,0,0,0,0,2,0,0.3,0.3,0.1,0.4,0,7,0,0.0,0.0,0.0,0.0,0.0,0.07,0.02,0.09,0.07,0.09,Matches
358,Mason Mount,eng ENG,"MF,FW",Manchester Utd,26-101,1999.0,12,4,348,3.9,0,0,0,0,0,0,3,0,1.2,1.2,0.2,1.4,7,15,15,0.0,0.0,0.0,0.0,0.0,0.32,0.05,0.37,0.32,0.37,Matches
359,Divin Mubama,eng ENG,FW,Manchester City,20-178,2004.0,1,0,28,0.3,0,0,0,0,0,0,0,0,0.0,0.0,0.0,0.0,0,1,0,0.0,0.0,0.0,0.0,0.0,0.12,0.0,0.12,0.12,0.12,Matches
360,Mykhailo Mudryk,ua UKR,FW,Chelsea,24-106,2001.0,7,1,151,1.7,0,0,0,0,0,0,0,0,0.3,0.3,1.0,1.2,7,5,12,0.0,0.0,0.0,0.0,0.0,0.15,0.58,0.73,0.15,0.73,Matches
361,Marshall Munetsi,zw ZIM,"MF,FW",Wolves,28-303,1996.0,9,8,698,7.8,1,1,2,1,0,0,0,0,3.0,3.0,0.9,3.8,4,7,23,0.13,0.13,0.26,0.13,0.26,0.38,0.11,0.5,0.38,0.5,Matches
362,Rodrigo Muniz,br BRA,FW,Fulham,23-352,2001.0,31,8,964,10.7,8,1,9,8,0,0,1,0,5.8,5.8,0.7,6.5,6,27,31,0.75,0.09,0.84,0.75,0.84,0.54,0.07,0.61,0.54,0.61,Matches
363,Daniel Muñoz,co COL,DF,Crystal Palace,28-330,1996.0,32,32,2778,30.9,4,4,8,4,0,0,9,0,4.6,4.6,3.9,8.5,48,79,176,0.13,0.13,0.26,0.13,0.26,0.15,0.13,0.27,0.15,0.27,Matches
364,Arijanet Muric,xk KVX,GK,Ipswich Town,26-165,1998.0,18,18,1620,18.0,0,0,0,0,0,0,1,0,0.0,0.0,0.0,0.0,0,1,0,0.0,0.0,0.0,0.0,0.0,0.0,0.0,0.0,0.0,0.0,Matches
365,Murillo,br BRA,DF,Nott'ham Forest,22-291,2002.0,31,31,2748,30.5,1,0,1,1,0,0,5,0,1.2,1.2,1.1,2.3,19,99,4,0.03,0.0,0.03,0.03,0.03,0.04,0.04,0.08,0.04,0.08,Matches
366,Jacob Murphy,eng ENG,FW,Newcastle Utd,30-056,1995.0,30,26,2018,22.4,8,11,19,8,0,0,3,0,5.5,5.5,7.8,13.3,67,61,187,0.36,0.49,0.85,0.36,0.85,0.25,0.35,0.59,0.25,0.59,Matches
367,Vitaliy Mykolenko,ua UKR,DF,Everton,25-327,1999.0,30,30,2632,29.2,0,1,1,0,0,0,2,0,0.4,0.4,1.5,1.9,29,99,75,0.0,0.03,0.03,0.0,0.03,0.01,0.05,0.07,0.01,0.07,Matches
368,Iliman Ndiaye,sn SEN,FW,Everton,25-046,2000.0,28,25,2117,23.5,7,0,7,5,2,2,3,0,5.2,3.6,1.6,5.2,78,44,105,0.3,0.0,0.3,0.21,0.21,0.22,0.07,0.29,0.15,0.22,Matches
369,Wilfred Ndidi,ng NGA,MF,Leicester City,28-126,1996.0,24,24,1967,21.9,0,4,4,0,0,0,7,0,1.8,1.8,1.8,3.6,14,59,72,0.0,0.18,0.18,0.0,0.18,0.08,0.08,0.17,0.08,0.17,Matches
370,Kosta Nedeljković,rs SRB,DF,Aston Villa,19-126,2005.0,5,0,126,1.4,0,0,0,0,0,0,0,0,0.0,0.0,0.0,0.0,1,6,0,0.0,0.0,0.0,0.0,0.0,0.0,0.0,0.0,0.0,0.0,Matches
371,Reiss Nelson,eng ENG,FW,Arsenal,25-132,1999.0,1,0,3,0.0,0,0,0,0,0,0,0,0,0.0,0.0,0.0,0.0,0,0,0,0.0,0.0,0.0,0.0,0.0,0.0,0.0,0.0,0.0,0.0,Matches
372,Reiss Nelson,eng ENG,FW,Fulham,25-132,1999.0,11,5,487,5.4,1,1,2,1,0,0,1,0,1.1,1.1,1.0,2.1,45,35,63,0.18,0.18,0.37,0.18,0.37,0.2,0.18,0.39,0.2,0.39,Matches
373,Neto,br BRA,GK,Bournemouth,35-276,1989.0,2,2,180,2.0,0,0,0,0,0,0,0,0,0.0,0.0,0.0,0.0,0,0,0,0.0,0.0,0.0,0.0,0.0,0.0,0.0,0.0,0.0,0.0,Matches
374,Pedro Neto,pt POR,FW,Chelsea,25-043,2000.0,30,19,1833,20.4,4,4,8,4,0,0,8,0,2.8,2.8,5.4,8.2,106,52,216,0.2,0.2,0.39,0.2,0.39,0.14,0.26,0.4,0.14,0.4,Matches
375,Eddie Nketiah,eng ENG,"FW,MF",Crystal Palace,25-326,1999.0,24,7,801,8.9,1,1,2,1,0,0,5,1,3.7,3.7,1.5,5.2,35,15,65,0.11,0.11,0.22,0.11,0.22,0.42,0.17,0.59,0.42,0.59,Matches
376,Christopher Nkunku,fr FRA,FW,Chelsea,27-158,1997.0,27,9,921,10.2,3,2,5,3,0,0,2,0,4.8,4.8,2.1,6.9,17,25,68,0.29,0.2,0.49,0.29,0.49,0.47,0.21,0.68,0.47,0.67,Matches
377,Gustavo Nunes,br BRA,"MF,FW",Brentford,19-152,2005.0,2,0,2,0.0,0,0,0,0,0,0,0,0,0.0,0.0,0.0,0.0,0,0,0,0.0,0.0,0.0,0.0,0.0,0.0,0.0,0.0,0.0,0.0,Matches
378,Matheus Nunes,pt POR,"DF,MF",Manchester City,26-237,1998.0,22,15,1314,14.6,0,5,5,0,0,0,3,0,0.5,0.5,4.2,4.8,53,63,143,0.0,0.34,0.34,0.0,0.34,0.04,0.29,0.33,0.04,0.33,Matches
379,Darwin Núñez,uy URU,FW,Liverpool,25-301,1999.0,25,8,1010,11.2,5,2,7,5,0,0,8,0,5.0,5.0,1.2,6.2,20,25,67,0.45,0.18,0.62,0.45,0.62,0.44,0.11,0.55,0.44,0.55,Matches
380,Ethan Nwaneri,eng ENG,"FW,MF",Arsenal,18-031,2007.0,23,10,811,9.0,4,2,6,4,0,0,1,0,1.1,1.1,1.0,2.2,44,30,101,0.44,0.22,0.67,0.44,0.67,0.13,0.11,0.24,0.13,0.24,Matches
381,Christian Nørgaard,dk DEN,MF,Brentford,31-042,1994.0,29,29,2369,26.3,5,2,7,5,0,0,5,1,3.6,3.6,0.8,4.4,12,122,34,0.19,0.08,0.27,0.19,0.27,0.14,0.03,0.17,0.14,0.17,Matches
382,Jake O'Brien,ie IRL,DF,Everton,23-341,2001.0,16,13,1211,13.5,2,0,2,2,0,0,4,0,0.7,0.7,0.6,1.3,7,39,24,0.15,0.0,0.15,0.15,0.15,0.05,0.04,0.09,0.05,0.09,Matches
383,Matt O'Riley,dk DEN,MF,Brighton,24-151,2000.0,16,8,677,7.5,1,1,2,1,0,0,1,0,1.9,1.9,1.3,3.2,16,29,40,0.13,0.13,0.27,0.13,0.27,0.26,0.17,0.43,0.26,0.43,Matches
384,Dara O'Shea,ie IRL,DF,Ipswich Town,26-048,1999.0,30,30,2672,29.7,0,2,2,0,0,0,6,0,1.1,1.1,0.5,1.7,3,70,6,0.0,0.07,0.07,0.0,0.07,0.04,0.02,0.06,0.04,0.06,Matches
385,Chidozie Obi-Martin,dk DEN,FW,Manchester Utd,17-143,2007.0,4,0,49,0.5,0,0,0,0,0,0,1,0,0.0,0.0,0.0,0.0,1,1,5,0.0,0.0,0.0,0.0,0.0,0.0,0.0,0.0,0.0,0.0,Matches
386,Wilson Odobert,fr FRA,FW,Tottenham,20-144,2004.0,10,5,450,5.0,0,0,0,0,0,0,0,0,0.7,0.7,0.1,0.8,30,18,40,0.0,0.0,0.0,0.0,0.0,0.13,0.03,0.16,0.13,0.16,Matches
387,Chiedozie Ogbene,ie IRL,FW,Ipswich Town,27-355,1997.0,5,3,238,2.6,0,0,0,0,0,0,0,0,0.0,0.0,0.1,0.1,7,0,15,0.0,0.0,0.0,0.0,0.0,0.0,0.03,0.03,0.0,0.03,Matches
388,Caleb Okoli,it ITA,DF,Leicester City,23-282,2001.0,18,12,1124,12.5,1,0,1,1,0,0,4,0,0.6,0.6,0.0,0.6,3,32,2,0.08,0.0,0.08,0.08,0.08,0.05,0.0,0.05,0.05,0.05,Matches
389,Robin Olsen,se SWE,GK,Aston Villa,35-103,1990.0,3,1,180,2.0,0,0,0,0,0,0,0,0,0.0,0.0,0.0,0.0,0,0,0,0.0,0.0,0.0,0.0,0.0,0.0,0.0,0.0,0.0,0.0,Matches
390,Amadou Onana,be BEL,MF,Aston Villa,23-248,2001.0,21,16,1273,14.1,3,0,3,3,0,0,4,0,1.9,1.9,0.3,2.2,20,58,13,0.21,0.0,0.21,0.21,0.21,0.14,0.02,0.16,0.14,0.16,Matches
391,André Onana,cm CMR,GK,Manchester Utd,29-019,1996.0,32,32,2880,32.0,0,0,0,0,0,0,0,0,0.0,0.0,0.2,0.2,0,1,0,0.0,0.0,0.0,0.0,0.0,0.0,0.01,0.01,0.0,0.01,Matches
392,Paul Onuachu,ng NGA,FW,Southampton,30-328,1994.0,23,11,984,10.9,4,1,5,4,0,0,4,0,3.3,3.3,0.5,3.8,7,12,39,0.37,0.09,0.46,0.37,0.46,0.3,0.04,0.35,0.3,0.35,Matches
393,Frank Onyeka,ng NGA,MF,Brentford,27-110,1998.0,2,0,25,0.3,0,0,0,0,0,0,0,0,0.0,0.0,0.0,0.0,0,1,0,0.0,0.0,0.0,0.0,0.0,0.0,0.0,0.0,0.0,0.0,Matches
394,Lewis Orford,eng ENG,MF,West Ham,19-062,2006.0,2,0,49,0.5,0,0,0,0,0,0,0,0,0.0,0.0,0.0,0.0,0,0,1,0.0,0.0,0.0,0.0,0.0,0.05,0.04,0.09,0.05,0.09,Matches
395,Stefan Ortega,de GER,GK,Manchester City,32-166,1992.0,12,11,1010,11.2,0,0,0,0,0,0,1,0,0.0,0.0,0.0,0.0,0,0,0,0.0,0.0,0.0,0.0,0.0,0.0,0.0,0.0,0.0,0.0,Matches
396,William Osula,dk DEN,FW,Newcastle Utd,21-260,2003.0,11,0,90,1.0,0,0,0,0,0,0,0,0,0.0,0.0,0.1,0.1,1,1,7,0.0,0.0,0.0,0.0,0.0,0.04,0.09,0.13,0.04,0.13,Matches
397,Dango Ouattara,bf BFA,FW,Bournemouth,23-069,2002.0,30,19,1843,20.5,7,4,11,7,0,0,2,0,8.2,8.2,5.2,13.3,73,41,184,0.34,0.2,0.54,0.34,0.54,0.4,0.25,0.65,0.4,0.65,Matches
398,Nico O’Reilly,eng ENG,DF,Manchester City,20-031,2005.0,6,4,366,4.1,2,0,2,2,0,0,0,0,1.1,1.1,0.2,1.3,11,12,17,0.49,0.0,0.49,0.49,0.49,0.27,0.04,0.32,0.27,0.32,Matches
399,Alex Palmer,eng ENG,GK,Ipswich Town,28-254,1996.0,9,9,810,9.0,0,0,0,0,0,0,2,0,0.0,0.0,0.0,0.0,0,1,0,0.0,0.0,0.0,0.0,0.0,0.0,0.0,0.0,0.0,0.0,Matches
400,Cole Palmer,eng ENG,MF,Chelsea,22-350,2002.0,32,31,2742,30.5,14,8,22,11,3,4,6,0,15.8,12.7,9.2,21.9,101,191,161,0.46,0.26,0.72,0.36,0.62,0.52,0.3,0.82,0.42,0.72,Matches
401,Emerson Palmieri,it ITA,DF,West Ham,30-261,1994.0,28,24,1930,21.4,2,1,3,2,0,0,5,0,2.0,2.0,1.5,3.4,42,60,75,0.09,0.05,0.14,0.09,0.14,0.09,0.07,0.16,0.09,0.16,Matches
402,Lucas Paquetá,br BRA,"MF,FW",West Ham,27-237,1997.0,29,25,2167,24.1,4,0,4,2,2,2,8,0,5.2,3.6,3.0,6.6,20,129,81,0.17,0.0,0.17,0.08,0.08,0.21,0.13,0.34,0.15,0.27,Matches
403,Thomas Partey,gh GHA,"MF,DF",Arsenal,31-312,1993.0,30,26,2347,26.1,4,2,6,4,0,0,4,0,2.0,2.0,1.9,4.0,30,156,43,0.15,0.08,0.23,0.15,0.23,0.08,0.07,0.15,0.08,0.15,Matches
404,Nathan Patterson,sct SCO,"DF,FW",Everton,23-187,2001.0,8,1,203,2.3,0,0,0,0,0,0,0,0,0.1,0.1,0.3,0.4,4,7,7,0.0,0.0,0.0,0.0,0.0,0.03,0.15,0.18,0.03,0.18,Matches
405,Andreas Pereira,br BRA,MF,Fulham,29-110,1996.0,30,22,1834,20.4,2,4,6,2,0,1,7,0,3.4,2.6,4.3,7.0,27,98,77,0.1,0.2,0.29,0.1,0.29,0.17,0.21,0.38,0.13,0.34,Matches
406,Ricardo Pereira,pt POR,DF,Leicester City,31-197,1993.0,7,3,297,3.3,0,0,0,0,0,0,1,0,0.1,0.1,0.0,0.1,3,13,5,0.0,0.0,0.0,0.0,0.0,0.03,0.0,0.03,0.03,0.03,Matches
407,Kalvin Phillips,eng ENG,MF,Ipswich Town,29-140,1995.0,18,14,1214,13.5,0,0,0,0,0,0,6,1,0.4,0.4,0.2,0.6,4,49,4,0.0,0.0,0.0,0.0,0.0,0.03,0.02,0.05,0.03,0.05,Matches
408,Jaden Philogene Bidace,eng ENG,"FW,MF",Aston Villa,23-072,2002.0,11,2,332,3.7,0,0,0,0,0,0,4,1,0.5,0.5,0.3,0.8,7,4,17,0.0,0.0,0.0,0.0,0.0,0.13,0.08,0.2,0.13,0.2,Matches
409,Jaden Philogene Bidace,eng ENG,"FW,DF",Ipswich Town,23-072,2002.0,10,5,474,5.3,2,0,2,2,0,0,1,0,2.0,2.0,0.2,2.2,13,10,36,0.38,0.0,0.38,0.38,0.38,0.37,0.05,0.42,0.37,0.42,Matches
410,Jordan Pickford,eng ENG,GK,Everton,31-045,1994.0,33,33,2970,33.0,0,1,1,0,0,0,7,0,0.0,0.0,0.4,0.4,0,0,0,0.0,0.03,0.03,0.0,0.03,0.0,0.01,0.01,0.0,0.01,Matches
411,Ethan Pinnock,jm JAM,DF,Brentford,31-327,1993.0,22,21,1913,21.3,2,0,2,2,0,0,2,0,1.1,1.1,1.2,2.3,3,41,9,0.09,0.0,0.09,0.09,0.09,0.05,0.05,0.11,0.05,0.11,Matches
412,Daniel Podence,pt POR,"MF,FW",Wolves,29-182,1995.0,2,0,48,0.5,0,0,0,0,0,0,0,0,0.0,0.0,0.0,0.0,1,2,3,0.0,0.0,0.0,0.0,0.0,0.07,0.0,0.07,0.07,0.07,Matches
413,Alfie Pond,eng ENG,DF,Wolves,21-051,2004.0,1,0,1,0.0,0,0,0,0,0,0,0,0,0.0,0.0,0.0,0.0,0,0,0,0.0,0.0,0.0,0.0,0.0,0.0,0.0,0.0,0.0,0.0,Matches
414,Nick Pope,eng ENG,GK,Newcastle Utd,33-002,1992.0,23,23,2070,23.0,0,0,0,0,0,0,2,0,0.0,0.0,0.0,0.0,0,1,0,0.0,0.0,0.0,0.0,0.0,0.0,0.0,0.0,0.0,0.0,Matches
415,Pedro Porro,es ESP,DF,Tottenham,25-220,1999.0,30,25,2373,26.4,2,5,7,2,0,0,4,0,1.5,1.5,3.5,5.0,58,136,95,0.08,0.19,0.27,0.08,0.27,0.06,0.13,0.19,0.06,0.19,Matches
416,Jarell Quansah,eng ENG,DF,Liverpool,22-082,2003.0,11,2,315,3.5,0,0,0,0,0,0,1,0,0.1,0.1,0.1,0.2,2,12,4,0.0,0.0,0.0,0.0,0.0,0.03,0.02,0.05,0.03,0.05,Matches
417,Hákon Rafn Valdimarsson,is ISL,GK,Brentford,23-190,2001.0,2,1,145,1.6,0,0,0,0,0,0,0,0,0.0,0.0,0.0,0.0,0,0,0,0.0,0.0,0.0,0.0,0.0,0.0,0.0,0.0,0.0,0.0,Matches
418,Aaron Ramsdale,eng ENG,GK,Southampton,26-342,1998.0,25,25,2250,25.0,0,0,0,0,0,0,2,0,0.0,0.0,0.0,0.0,0,0,0,0.0,0.0,0.0,0.0,0.0,0.0,0.0,0.0,0.0,0.0,Matches
419,Jacob Ramsey,eng ENG,"FW,MF",Aston Villa,23-328,2001.0,25,17,1425,15.8,1,3,4,1,0,0,2,0,1.4,1.4,2.1,3.5,55,62,101,0.06,0.19,0.25,0.06,0.25,0.09,0.13,0.22,0.09,0.22,Matches
420,Marcus Rashford,eng ENG,"FW,MF",Manchester Utd,27-172,1997.0,15,12,978,10.9,4,1,5,4,0,0,2,0,1.7,1.7,2.1,3.8,20,21,79,0.37,0.09,0.46,0.37,0.46,0.16,0.19,0.35,0.16,0.35,Matches
421,Marcus Rashford,eng ENG,FW,Aston Villa,27-172,1997.0,9,3,369,4.1,1,2,3,1,0,0,0,0,1.6,1.6,2.1,3.7,20,13,40,0.24,0.49,0.73,0.24,0.73,0.38,0.51,0.89,0.38,0.89,Matches
422,David Raya,es ESP,GK,Arsenal,29-218,1995.0,33,33,2970,33.0,0,0,0,0,0,0,2,0,0.0,0.0,0.0,0.0,0,12,0,0.0,0.0,0.0,0.0,0.0,0.0,0.0,0.0,0.0,0.0,Matches
423,Harrison Reed,eng ENG,MF,Fulham,30-084,1995.0,11,0,93,1.0,0,0,0,0,0,0,2,0,0.2,0.2,0.1,0.3,1,4,7,0.0,0.0,0.0,0.0,0.0,0.22,0.07,0.3,0.22,0.3,Matches
424,Remy Rees-Dottin,eng ENG,FW,Bournemouth,19-046,2006.0,1,0,1,0.0,0,0,0,0,0,0,0,0,0.0,0.0,0.0,0.0,0,0,0,0.0,0.0,0.0,0.0,0.0,0.0,0.0,0.0,0.0,0.0,Matches
425,Sergio Reguilón,es ESP,DF,Tottenham,28-126,1996.0,3,0,123,1.4,0,0,0,0,0,0,2,0,0.1,0.1,0.0,0.1,4,12,10,0.0,0.0,0.0,0.0,0.0,0.05,0.02,0.07,0.05,0.07,Matches
426,Bobby Reid,jm JAM,FW,Leicester City,32-078,1993.0,22,8,700,7.8,1,2,3,1,0,0,2,0,0.8,0.8,1.2,2.0,13,14,44,0.13,0.26,0.39,0.13,0.39,0.1,0.15,0.25,0.1,0.25,Matches
427,Vitor Reis,br BRA,DF,Manchester City,19-099,2006.0,1,0,1,0.0,0,0,0,0,0,0,0,0,0.0,0.0,0.0,0.0,0,0,0,0.0,0.0,0.0,0.0,0.0,0.0,0.0,0.0,0.0,0.0,Matches
428,Chadi Riad,ma MAR,DF,Crystal Palace,21-308,2003.0,1,1,90,1.0,0,0,0,0,0,0,0,0,0.0,0.0,0.0,0.0,2,7,0,0.0,0.0,0.0,0.0,0.0,0.0,0.0,0.0,0.0,0.0,Matches
429,Declan Rice,eng ENG,MF,Arsenal,26-097,1999.0,31,29,2482,27.6,2,7,9,2,0,0,6,1,2.6,2.6,6.4,8.9,86,171,85,0.07,0.25,0.33,0.07,0.33,0.09,0.23,0.32,0.09,0.32,Matches
430,Chris Richards,us USA,DF,Crystal Palace,25-024,2000.0,20,18,1562,17.4,1,0,1,1,0,0,4,1,1.2,1.2,0.1,1.3,5,34,1,0.06,0.0,0.06,0.06,0.06,0.07,0.01,0.08,0.07,0.08,Matches
431,Richarlison,br BRA,FW,Tottenham,27-346,1997.0,10,2,295,3.3,3,1,4,3,0,0,1,0,2.1,2.1,0.9,3.0,8,10,17,0.92,0.31,1.22,0.92,1.22,0.64,0.28,0.92,0.64,0.92,Matches
432,Andrew Robertson,sct SCO,DF,Liverpool,31-041,1994.0,30,26,2218,24.6,0,0,0,0,0,0,3,1,0.9,0.9,4.1,5.1,57,163,90,0.0,0.0,0.0,0.0,0.0,0.04,0.17,0.21,0.04,0.21,Matches
433,Antonee Robinson,us USA,DF,Fulham,27-256,1997.0,33,32,2899,32.2,0,10,10,0,0,0,8,0,0.7,0.7,4.1,4.8,110,120,257,0.0,0.31,0.31,0.0,0.31,0.02,0.13,0.15,0.02,0.15,Matches
434,Jay Robinson,eng ENG,MF,Southampton,18-037,2007.0,1,0,2,0.0,0,0,0,0,0,0,0,0,0.0,0.0,0.0,0.0,1,0,0,0.0,0.0,0.0,0.0,0.0,0.0,1.69,1.69,0.0,1.69,Matches
435,Rodri,es ESP,MF,Manchester City,28-303,1996.0,2,1,65,0.7,0,0,0,0,0,0,0,0,0.0,0.0,0.0,0.0,0,4,1,0.0,0.0,0.0,0.0,0.0,0.0,0.06,0.06,0.0,0.06,Matches
436,Guido Rodríguez,ar ARG,MF,West Ham,31-009,1994.0,20,14,1018,11.3,0,0,0,0,0,0,5,0,0.2,0.2,0.1,0.3,2,31,5,0.0,0.0,0.0,0.0,0.0,0.02,0.01,0.03,0.02,0.03,Matches
437,Mads Roerslev,dk DEN,DF,Brentford,25-301,1999.0,19,11,1101,12.2,0,2,2,0,0,0,2,0,0.2,0.2,3.0,3.2,17,51,54,0.0,0.16,0.16,0.0,0.16,0.02,0.24,0.26,0.02,0.26,Matches
438,Morgan Rogers,eng ENG,"FW,MF",Aston Villa,22-269,2002.0,32,32,2678,29.8,8,8,16,8,0,0,8,0,6.1,6.1,6.5,12.6,102,111,166,0.27,0.27,0.54,0.27,0.54,0.21,0.22,0.42,0.21,0.42,Matches
439,Cristian Romero,ar ARG,DF,Tottenham,26-359,1998.0,17,17,1371,15.2,1,0,1,1,0,0,2,0,1.5,1.5,0.6,2.1,12,66,3,0.07,0.0,0.07,0.07,0.07,0.1,0.04,0.14,0.1,0.14,Matches
440,Georginio Rutter,fr FRA,"MF,FW",Brighton,23-001,2002.0,28,19,1656,18.4,5,3,8,5,0,0,2,0,4.6,4.6,2.5,7.1,42,67,79,0.27,0.16,0.43,0.27,0.43,0.25,0.14,0.39,0.25,0.39,Matches
441,José Sá,pt POR,GK,Wolves,32-094,1993.0,25,25,2250,25.0,0,0,0,0,0,0,2,0,0.0,0.0,0.1,0.1,0,2,0,0.0,0.0,0.0,0.0,0.0,0.0,0.01,0.01,0.0,0.01,Matches
442,Bukayo Saka,eng ENG,"FW,MF",Arsenal,23-228,2001.0,20,17,1423,15.8,6,10,16,5,1,1,3,0,5.7,5.0,6.7,11.6,78,61,220,0.38,0.63,1.01,0.32,0.95,0.36,0.42,0.79,0.31,0.74,Matches
443,Mohamed Salah,eg EGY,FW,Liverpool,32-310,1992.0,33,33,2921,32.5,27,18,45,18,9,9,1,0,23.7,16.7,12.1,28.8,138,127,407,0.83,0.55,1.39,0.55,1.11,0.73,0.37,1.1,0.51,0.89,Matches
444,William Saliba,fr FRA,DF,Arsenal,24-028,2001.0,31,31,2724,30.3,2,0,2,2,0,0,2,1,2.2,2.2,0.9,3.0,16,131,6,0.07,0.0,0.07,0.07,0.07,0.07,0.03,0.1,0.07,0.1,Matches
445,Robert Sánchez,es ESP,GK,Chelsea,27-154,1997.0,27,27,2430,27.0,0,0,0,0,0,0,5,0,0.0,0.0,0.0,0.0,0,1,0,0.0,0.0,0.0,0.0,0.0,0.0,0.0,0.0,0.0,0.0,Matches
446,Jadon Sancho,eng ENG,FW,Chelsea,25-027,2000.0,27,18,1655,18.4,3,4,7,3,0,0,1,0,2.0,2.0,3.4,5.4,95,86,214,0.16,0.22,0.38,0.16,0.38,0.11,0.18,0.29,0.11,0.29,Matches
447,Ibrahim Sangaré,ci CIV,MF,Nott'ham Forest,27-140,1997.0,8,3,279,3.1,0,1,1,0,0,0,2,0,0.0,0.0,0.4,0.4,0,12,2,0.0,0.32,0.32,0.0,0.32,0.01,0.11,0.12,0.01,0.12,Matches
448,Pablo Sarabia,es ESP,"MF,FW",Wolves,32-345,1992.0,19,6,676,7.5,3,2,5,3,0,0,3,0,2.8,2.8,1.6,4.4,12,47,49,0.4,0.27,0.67,0.4,0.67,0.37,0.22,0.59,0.37,0.59,Matches
449,Jeremy Sarmiento,ec ECU,MF,Brighton,22-309,2002.0,1,0,9,0.1,0,0,0,0,0,0,0,0,0.0,0.0,0.0,0.0,0,0,2,0.0,0.0,0.0,0.0,0.0,0.0,0.0,0.0,0.0,0.0,Matches
450,Ismaila Sarr,sn SEN,"MF,FW",Crystal Palace,27-055,1998.0,33,26,2364,26.3,7,4,11,7,0,0,4,0,8.3,8.3,6.9,15.1,63,76,160,0.27,0.15,0.42,0.27,0.42,0.31,0.26,0.58,0.31,0.58,Matches
451,Sávio,br BRA,"FW,MF",Manchester City,21-011,2004.0,27,21,1734,19.3,1,8,9,1,0,0,3,0,4.9,4.9,6.8,11.6,133,66,239,0.05,0.42,0.47,0.05,0.47,0.25,0.35,0.6,0.25,0.6,Matches
452,Oliver Scarles,eng ENG,DF,West Ham,19-130,2005.0,14,6,594,6.6,0,0,0,0,0,0,1,0,0.1,0.1,0.0,0.1,11,21,39,0.0,0.0,0.0,0.0,0.0,0.02,0.0,0.02,0.02,0.02,Matches
453,Dane Scarlett,eng ENG,"FW,MF",Tottenham,21-028,2004.0,3,0,34,0.4,0,1,1,0,0,0,0,0,0.0,0.0,0.0,0.1,1,1,1,0.0,2.65,2.65,0.0,2.65,0.09,0.12,0.22,0.09,0.22,Matches
454,Kevin Schade,de GER,FW,Brentford,23-145,2001.0,33,21,1931,21.5,7,2,9,7,0,0,3,0,6.2,6.2,3.3,9.5,54,32,139,0.33,0.09,0.42,0.33,0.42,0.29,0.16,0.44,0.29,0.44,Matches
455,Fabian Schär,ch SUI,DF,Newcastle Utd,33-122,1991.0,29,28,2493,27.7,4,0,4,4,0,0,7,1,2.1,2.1,0.4,2.5,14,87,17,0.14,0.0,0.14,0.14,0.14,0.08,0.01,0.09,0.08,0.09,Matches
456,Jeffrey Schlupp,gh GHA,"MF,DF",Crystal Palace,32-119,1992.0,12,0,103,1.1,0,0,0,0,0,0,0,0,0.2,0.2,0.2,0.3,4,5,9,0.0,0.0,0.0,0.0,0.0,0.14,0.14,0.28,0.14,0.28,Matches
457,Alex Scott,eng ENG,MF,Bournemouth,21-243,2003.0,16,6,612,6.8,0,0,0,0,0,0,2,0,0.7,0.7,0.8,1.5,12,48,31,0.0,0.0,0.0,0.0,0.0,0.1,0.12,0.21,0.1,0.21,Matches
458,Matz Sels,be BEL,GK,Nott'ham Forest,33-054,1992.0,32,32,2880,32.0,0,0,0,0,0,0,2,0,0.0,0.0,0.0,0.0,0,1,0,0.0,0.0,0.0,0.0,0.0,0.0,0.0,0.0,0.0,0.0,Matches
459,Nélson Semedo,pt POR,DF,Wolves,31-156,1993.0,29,28,2488,27.6,0,4,4,0,0,0,7,0,0.8,0.8,2.6,3.4,61,66,103,0.0,0.14,0.14,0.0,0.14,0.03,0.09,0.12,0.03,0.12,Matches
460,Antoine Semenyo,gh GHA,FW,Bournemouth,25-104,2000.0,32,32,2823,31.4,8,4,12,8,0,0,9,0,9.1,9.1,5.7,14.8,132,103,258,0.26,0.13,0.38,0.26,0.38,0.29,0.18,0.47,0.29,0.47,Matches
461,Marcos Senesi,ar ARG,DF,Bournemouth,27-346,1997.0,14,12,1008,11.2,0,0,0,0,0,0,5,0,0.8,0.8,0.2,1.0,12,51,5,0.0,0.0,0.0,0.0,0.0,0.07,0.02,0.09,0.07,0.09,Matches
462,Ryan Sessegnon,eng ENG,"FW,DF",Fulham,24-338,2000.0,11,4,325,3.6,3,2,5,3,0,0,0,0,1.2,1.2,0.6,1.8,9,4,26,0.83,0.55,1.38,0.83,1.38,0.34,0.17,0.51,0.34,0.51,Matches
463,Luke Shaw,eng ENG,DF,Manchester Utd,29-283,1995.0,3,0,83,0.9,0,0,0,0,0,0,0,0,0.0,0.0,0.3,0.3,1,7,0,0.0,0.0,0.0,0.0,0.0,0.0,0.34,0.34,0.0,0.34,Matches
464,Zain Silcott-Duberry,ms MSR,FW,Bournemouth,19-286,2005.0,1,0,1,0.0,0,0,0,0,0,0,0,0,0.0,0.0,0.0,0.0,0,0,0,0.0,0.0,0.0,0.0,0.0,0.0,0.0,0.0,0.0,0.0,Matches
465,Bernardo Silva,pt POR,"MF,FW",Manchester City,30-254,1994.0,28,24,2221,24.7,2,4,6,2,0,0,6,0,3.0,3.0,4.2,7.2,88,105,179,0.08,0.16,0.24,0.08,0.24,0.12,0.17,0.29,0.12,0.29,Matches
466,Jota Silva,pt POR,"FW,MF",Nott'ham Forest,25-263,1999.0,27,5,828,9.2,3,1,4,3,0,0,5,0,1.9,1.9,2.9,4.8,19,16,54,0.33,0.11,0.43,0.33,0.43,0.2,0.31,0.52,0.2,0.52,Matches
467,Eric da Silva Moreira,de GER,"MF,DF",Nott'ham Forest,18-353,2006.0,2,0,30,0.3,0,0,0,0,0,0,0,0,0.0,0.0,0.0,0.0,1,0,1,0.0,0.0,0.0,0.0,0.0,0.0,0.0,0.0,0.0,0.0,Matches
468,Jahmai Simpson-Pusey,eng ENG,DF,Manchester City,19-168,2005.0,2,1,96,1.1,0,0,0,0,0,0,1,0,0.0,0.0,0.0,0.0,1,3,0,0.0,0.0,0.0,0.0,0.0,0.0,0.0,0.0,0.0,0.0,Matches
469,Luis Sinisterra,co COL,"FW,MF",Bournemouth,25-308,1999.0,12,1,236,2.6,1,1,2,1,0,0,0,0,1.2,1.2,1.4,2.6,19,6,38,0.38,0.38,0.76,0.38,0.76,0.46,0.54,1.0,0.46,1.0,Matches
470,Oliver Skipp,eng ENG,MF,Leicester City,24-217,2000.0,19,7,862,9.6,0,0,0,0,0,0,6,0,0.1,0.1,0.3,0.4,15,25,18,0.0,0.0,0.0,0.0,0.0,0.01,0.03,0.04,0.01,0.04,Matches
471,William Smallbone,ie IRL,MF,Southampton,25-059,2000.0,14,6,612,6.8,1,0,1,1,0,0,1,0,0.4,0.4,0.6,1.1,5,23,21,0.15,0.0,0.15,0.15,0.15,0.06,0.09,0.16,0.06,0.16,Matches
472,Adam Smith,eng ENG,DF,Bournemouth,33-357,1991.0,21,16,1319,14.7,0,0,0,0,0,0,5,0,0.7,0.7,0.2,0.9,12,39,31,0.0,0.0,0.0,0.0,0.0,0.04,0.02,0.06,0.04,0.06,Matches
473,Emile Smith Rowe,eng ENG,MF,Fulham,24-267,2000.0,29,23,1827,20.3,5,2,7,5,0,0,2,0,4.1,4.1,1.1,5.2,50,116,109,0.25,0.1,0.34,0.25,0.34,0.2,0.05,0.26,0.2,0.26,Matches
474,Dominic Solanke,eng ENG,FW,Tottenham,27-219,1997.0,23,23,2028,22.5,7,3,10,7,0,0,0,0,9.9,9.9,2.9,12.8,29,45,85,0.31,0.13,0.44,0.31,0.44,0.44,0.13,0.57,0.44,0.57,Matches
475,Carlos Soler,es ESP,"MF,FW",West Ham,28-109,1997.0,28,14,1347,15.0,1,1,2,1,0,0,5,0,1.7,1.7,1.2,2.9,16,52,33,0.07,0.07,0.13,0.07,0.13,0.11,0.08,0.19,0.11,0.19,Matches
476,Julio Soler,ar ARG,FW,Bournemouth,20-064,2005.0,1,0,2,0.0,0,0,0,0,0,0,0,0,0.0,0.0,0.0,0.0,0,0,0,0.0,0.0,0.0,0.0,0.0,0.0,0.0,0.0,0.0,0.0,Matches
477,Ramón Sosa,py PAR,"FW,MF",Nott'ham Forest,25-233,1999.0,16,1,263,2.9,1,0,1,1,0,0,1,0,0.9,0.9,0.5,1.4,11,4,15,0.34,0.0,0.34,0.34,0.34,0.32,0.17,0.49,0.32,0.49,Matches
478,Tomáš Souček,cz CZE,MF,West Ham,30-053,1995.0,30,25,2161,24.0,7,1,8,7,0,0,8,0,5.3,5.3,1.0,6.3,6,66,58,0.29,0.04,0.33,0.29,0.33,0.22,0.04,0.26,0.22,0.26,Matches
479,Boubakary Soumaré,fr FRA,MF,Leicester City,26-053,1999.0,26,22,1908,21.2,0,0,0,0,0,0,8,0,0.3,0.3,0.4,0.7,31,93,21,0.0,0.0,0.0,0.0,0.0,0.01,0.02,0.03,0.01,0.03,Matches
480,Djed Spence,eng ENG,DF,Tottenham,24-255,2000.0,19,14,1334,14.8,1,2,3,1,0,0,4,1,0.5,0.5,1.7,2.2,45,88,63,0.07,0.13,0.2,0.07,0.2,0.03,0.11,0.15,0.03,0.15,Matches
481,Jay Stansfield,eng ENG,MF,Fulham,22-148,2002.0,1,0,1,0.0,0,0,0,0,0,0,0,0,0.0,0.0,0.0,0.0,0,0,0,0.0,0.0,0.0,0.0,0.0,0.0,0.0,0.0,0.0,0.0,Matches
482,Jason Steele,eng ENG,GK,Brighton,34-246,1990.0,2,2,180,2.0,0,0,0,0,0,0,0,0,0.0,0.0,0.0,0.0,0,0,0,0.0,0.0,0.0,0.0,0.0,0.0,0.0,0.0,0.0,0.0,Matches
483,Jack Stephens,eng ENG,DF,Southampton,31-084,1994.0,15,13,1074,11.9,0,0,0,0,0,0,2,2,0.3,0.3,0.2,0.5,13,49,2,0.0,0.0,0.0,0.0,0.0,0.03,0.01,0.04,0.03,0.04,Matches
484,Raheem Sterling,eng ENG,"FW,MF",Arsenal,30-134,1994.0,14,5,373,4.1,0,2,2,0,0,0,1,0,1.3,1.3,0.4,1.7,24,17,66,0.0,0.48,0.48,0.0,0.48,0.32,0.1,0.42,0.32,0.42,Matches
485,Ross Stewart,sct SCO,"FW,MF",Southampton,28-284,1996.0,7,1,176,2.0,0,0,0,0,0,0,1,0,0.1,0.1,0.0,0.1,1,1,5,0.0,0.0,0.0,0.0,0.0,0.06,0.0,0.06,0.06,0.06,Matches
486,Jakub Stolarczyk,pl POL,GK,Leicester City,24-123,2000.0,6,6,540,6.0,0,0,0,0,0,0,1,0,0.0,0.0,0.0,0.0,0,1,0,0.0,0.0,0.0,0.0,0.0,0.0,0.0,0.0,0.0,0.0,Matches
487,John Stones,eng ENG,"DF,MF",Manchester City,30-328,1994.0,11,6,548,6.1,2,0,2,2,0,0,1,0,0.4,0.4,0.1,0.5,10,21,2,0.33,0.0,0.33,0.33,0.33,0.07,0.01,0.08,0.07,0.08,Matches
488,Jørgen Strand Larsen,no NOR,FW,Wolves,25-074,2000.0,31,28,2387,26.5,12,2,14,12,0,0,4,0,9.3,9.3,2.4,11.6,15,26,99,0.45,0.08,0.53,0.45,0.53,0.35,0.09,0.44,0.35,0.44,Matches
489,Yukinari Sugawara,jp JPN,"DF,MF",Southampton,24-297,2000.0,29,15,1467,16.3,1,1,2,1,0,0,4,0,0.5,0.5,2.2,2.7,32,68,76,0.06,0.06,0.12,0.06,0.12,0.03,0.14,0.17,0.03,0.17,Matches
490,Kamaldeen Sulemana,gh GHA,"FW,MF",Southampton,23-065,2002.0,21,12,1045,11.6,1,1,2,1,0,0,0,0,1.2,1.2,0.7,1.9,53,24,69,0.09,0.09,0.17,0.09,0.17,0.11,0.06,0.17,0.11,0.17,Matches
491,Crysencio Summerville,nl NED,"FW,MF",West Ham,23-173,2001.0,19,7,786,8.7,1,1,2,1,0,0,2,0,1.6,1.6,1.7,3.3,29,18,71,0.11,0.11,0.23,0.11,0.23,0.19,0.19,0.38,0.19,0.38,Matches
492,Sammie Szmodics,ie IRL,"FW,MF",Ipswich Town,29-209,1995.0,19,13,979,10.9,4,0,4,4,0,0,2,0,3.4,3.4,0.2,3.6,16,18,46,0.37,0.0,0.37,0.37,0.37,0.31,0.02,0.33,0.31,0.33,Matches
493,Dominik Szoboszlai,hu HUN,MF,Liverpool,24-178,2000.0,31,25,2190,24.3,5,3,8,5,0,0,6,0,6.9,6.9,5.1,11.9,64,110,118,0.21,0.12,0.33,0.21,0.33,0.28,0.21,0.49,0.28,0.49,Matches
494,Matt Targett,eng ENG,DF,Newcastle Utd,29-215,1995.0,2,0,21,0.2,0,0,0,0,0,0,0,0,0.0,0.0,0.0,0.0,0,0,1,0.0,0.0,0.0,0.0,0.0,0.0,0.0,0.0,0.0,0.0,Matches
495,James Tarkowski,eng ENG,DF,Everton,32-153,1992.0,33,33,2922,32.5,1,1,2,1,0,0,6,0,1.3,1.3,2.9,4.2,9,75,3,0.03,0.03,0.06,0.03,0.06,0.04,0.09,0.13,0.04,0.13,Matches
496,Marcus Tavernier,eng ENG,"FW,MF",Bournemouth,26-030,1999.0,24,16,1561,17.3,3,5,8,3,0,0,5,0,5.2,5.2,2.8,8.1,37,99,103,0.17,0.29,0.46,0.17,0.46,0.3,0.16,0.46,0.3,0.46,Matches
497,Charlie Taylor,eng ENG,DF,Southampton,31-215,1993.0,7,2,266,3.0,0,0,0,0,0,0,1,0,0.0,0.0,0.1,0.1,3,8,6,0.0,0.0,0.0,0.0,0.0,0.0,0.03,0.03,0.0,0.03,Matches
498,Jack Taylor,ie IRL,MF,Ipswich Town,26-302,1998.0,27,1,600,6.7,1,0,1,1,0,0,3,0,0.7,0.7,0.5,1.2,11,37,18,0.15,0.0,0.15,0.15,0.15,0.1,0.08,0.19,0.1,0.19,Matches
499,Mathys Tel,fr FRA,FW,Tottenham,19-359,2005.0,7,5,402,4.5,2,0,2,1,1,1,0,0,1.8,1.0,0.6,1.6,11,9,35,0.45,0.0,0.45,0.22,0.22,0.41,0.13,0.54,0.23,0.36,Matches
500,Kenny Tete,nl NED,DF,Fulham,29-194,1995.0,17,16,1348,15.0,0,2,2,0,0,0,3,0,1.2,1.2,0.7,1.9,33,42,40,0.0,0.13,0.13,0.0,0.13,0.08,0.05,0.13,0.08,0.13,Matches
501,Thiago,br BRA,FW,Brentford,23-299,2001.0,4,1,132,1.5,0,0,0,0,0,0,0,0,0.1,0.1,0.1,0.2,3,2,4,0.0,0.0,0.0,0.0,0.0,0.07,0.05,0.11,0.07,0.11,Matches
502,Luke Thomas,eng ENG,DF,Leicester City,23-315,2001.0,9,8,693,7.7,0,0,0,0,0,0,1,0,0.1,0.1,0.1,0.3,2,23,9,0.0,0.0,0.0,0.0,0.0,0.02,0.02,0.03,0.02,0.03,Matches
503,Youri Tielemans,be BEL,MF,Aston Villa,27-349,1997.0,33,33,2825,31.4,2,7,9,2,0,1,4,0,3.0,2.3,6.8,9.0,35,221,42,0.06,0.22,0.29,0.06,0.29,0.1,0.22,0.31,0.07,0.29,Matches
504,Kieran Tierney,sct SCO,"DF,FW",Arsenal,27-320,1997.0,9,1,176,2.0,0,0,0,0,0,0,0,0,0.2,0.2,0.8,1.0,5,10,18,0.0,0.0,0.0,0.0,0.0,0.11,0.42,0.53,0.11,0.53,Matches
505,Jurriën Timber,nl NED,DF,Arsenal,23-308,2001.0,29,26,2327,25.9,1,2,3,1,0,0,7,0,1.2,1.2,0.8,2.0,53,141,104,0.04,0.08,0.12,0.04,0.12,0.05,0.03,0.08,0.05,0.08,Matches
506,Jean-Clair Todibo,fr FRA,DF,West Ham,25-112,1999.0,22,15,1395,15.5,0,0,0,0,0,0,2,0,0.2,0.2,0.0,0.2,9,27,4,0.0,0.0,0.0,0.0,0.0,0.01,0.0,0.01,0.01,0.01,Matches
507,Harry Toffolo,eng ENG,DF,Nott'ham Forest,29-245,1995.0,3,0,47,0.5,0,0,0,0,0,0,0,0,0.0,0.0,0.0,0.0,0,2,4,0.0,0.0,0.0,0.0,0.0,0.03,0.0,0.03,0.03,0.03,Matches
508,Takehiro Tomiyasu,jp JPN,DF,Arsenal,26-167,1998.0,1,0,7,0.1,0,0,0,0,0,0,0,0,0.2,0.2,0.0,0.2,0,1,0,0.0,0.0,0.0,0.0,0.0,2.37,0.0,2.37,2.37,2.37,Matches
509,Sandro Tonali,it ITA,MF,Newcastle Utd,24-348,2000.0,31,23,2180,24.2,3,2,5,3,0,0,5,0,3.5,3.5,1.0,4.5,32,96,43,0.12,0.08,0.21,0.12,0.21,0.15,0.04,0.19,0.15,0.19,Matches
510,Pau Torres,es ESP,DF,Aston Villa,28-095,1997.0,19,19,1639,18.2,0,0,0,0,0,0,1,0,0.5,0.5,0.0,0.5,31,72,4,0.0,0.0,0.0,0.0,0.0,0.03,0.0,0.03,0.03,0.03,Matches
511,Conor Townsend,eng ENG,DF,Ipswich Town,32-048,1993.0,6,3,335,3.7,0,1,1,0,0,0,1,0,0.0,0.0,0.7,0.7,2,8,13,0.0,0.27,0.27,0.0,0.27,0.01,0.18,0.18,0.01,0.18,Matches
512,Adama Traoré,es ESP,"FW,MF",Fulham,29-086,1996.0,31,16,1523,16.9,2,5,7,2,0,0,2,0,3.8,3.8,4.1,7.9,81,57,139,0.12,0.3,0.41,0.12,0.41,0.22,0.24,0.47,0.22,0.47,Matches
513,Boubacar Traoré,ml MLI,MF,Wolves,23-244,2001.0,1,0,1,0.0,0,0,0,0,0,0,0,0,0.0,0.0,0.0,0.0,0,0,0,0.0,0.0,0.0,0.0,0.0,0.0,0.0,0.0,0.0,0.0,Matches
514,Mark Travers,ie IRL,GK,Bournemouth,25-338,1999.0,5,5,450,5.0,0,0,0,0,0,0,0,0,0.0,0.0,0.0,0.0,0,0,0,0.0,0.0,0.0,0.0,0.0,0.0,0.0,0.0,0.0,0.0,Matches
515,Ryan Trevitt,eng ENG,MF,Brentford,22-040,2003.0,1,0,4,0.0,0,0,0,0,0,0,0,0,0.0,0.0,0.0,0.0,0,0,1,0.0,0.0,0.0,0.0,0.0,0.0,0.0,0.0,0.0,0.0,Matches
516,Kieran Trippier,eng ENG,DF,Newcastle Utd,34-214,1990.0,22,12,1102,12.2,0,1,1,0,0,0,1,0,0.1,0.1,0.7,0.8,21,78,39,0.0,0.08,0.08,0.0,0.08,0.01,0.06,0.07,0.01,0.07,Matches
517,Leandro Trossard,be BEL,FW,Arsenal,30-138,1994.0,33,24,2174,24.2,7,5,12,7,0,0,4,1,5.9,5.9,5.1,11.1,70,88,195,0.29,0.21,0.5,0.29,0.5,0.25,0.21,0.46,0.25,0.46,Matches
518,Kostas Tsimikas,gr GRE,DF,Liverpool,28-344,1996.0,16,7,666,7.4,0,1,1,0,0,0,2,0,0.4,0.4,1.8,2.2,15,67,38,0.0,0.14,0.14,0.0,0.14,0.05,0.25,0.3,0.05,0.3,Matches
519,Axel Tuanzebe,cd COD,DF,Ipswich Town,27-158,1997.0,18,17,1445,16.1,0,1,1,0,0,0,5,1,0.2,0.2,0.3,0.5,9,45,8,0.0,0.06,0.06,0.0,0.06,0.01,0.02,0.03,0.01,0.03,Matches
520,Destiny Udogie,it ITA,DF,Tottenham,22-144,2002.0,23,22,1744,19.4,0,1,1,0,0,0,2,0,0.3,0.3,1.4,1.7,51,117,92,0.0,0.05,0.05,0.0,0.05,0.02,0.07,0.09,0.02,0.09,Matches
521,Manuel Ugarte Ribeiro,uy URU,MF,Manchester Utd,24-010,2001.0,25,20,1590,17.7,1,0,1,1,0,0,9,0,0.8,0.8,0.6,1.4,10,53,19,0.06,0.0,0.06,0.06,0.06,0.05,0.03,0.08,0.05,0.08,Matches
522,Lesley Ugochukwu,fr FRA,MF,Southampton,21-026,2004.0,22,14,1357,15.1,1,1,2,1,0,0,5,0,0.8,0.8,1.0,1.8,24,47,19,0.07,0.07,0.13,0.07,0.13,0.05,0.07,0.12,0.05,0.12,Matches
523,Enes Ünal,tr TUR,"FW,MF",Bournemouth,27-346,1997.0,17,2,345,3.8,2,1,3,2,0,0,2,0,2.7,2.7,0.4,3.1,4,12,22,0.52,0.26,0.78,0.52,0.78,0.72,0.1,0.82,0.72,0.82,Matches
524,Virgil van Dijk,nl NED,DF,Liverpool,33-287,1991.0,33,33,2970,33.0,2,1,3,2,0,0,3,0,1.9,1.9,0.7,2.6,18,172,6,0.06,0.03,0.09,0.06,0.09,0.06,0.02,0.08,0.06,0.08,Matches
525,Jamie Vardy,eng ENG,FW,Leicester City,38-100,1987.0,31,31,2482,27.6,7,3,10,6,1,1,5,0,9.4,8.6,2.9,11.5,27,20,104,0.25,0.11,0.36,0.22,0.33,0.34,0.11,0.45,0.31,0.42,Matches
526,Renato Veiga,pt POR,"DF,MF",Chelsea,21-266,2003.0,7,1,181,2.0,0,0,0,0,0,0,2,0,0.1,0.1,0.0,0.1,4,7,3,0.0,0.0,0.0,0.0,0.0,0.07,0.0,0.07,0.07,0.07,Matches
527,Joël Veltman,nl NED,DF,Brighton,33-096,1992.0,19,19,1643,18.3,0,0,0,0,0,0,4,0,0.5,0.5,0.5,0.9,29,79,32,0.0,0.0,0.0,0.0,0.0,0.03,0.03,0.05,0.03,0.05,Matches
528,Micky van de Ven,nl NED,DF,Tottenham,24-002,2001.0,11,10,905,10.1,0,2,2,0,0,0,4,0,0.6,0.6,1.2,1.7,8,47,1,0.0,0.2,0.2,0.0,0.2,0.06,0.12,0.17,0.06,0.17,Matches
529,Bart Verbruggen,nl NED,GK,Brighton,22-246,2002.0,31,31,2790,31.0,0,1,1,0,0,0,5,0,0.0,0.0,0.0,0.0,0,2,0,0.0,0.03,0.03,0.0,0.03,0.0,0.0,0.0,0.0,0.0,Matches
530,Jannik Vestergaard,dk DEN,DF,Leicester City,32-261,1992.0,18,16,1391,15.5,0,0,0,0,0,0,5,0,0.1,0.1,0.1,0.2,3,32,2,0.0,0.0,0.0,0.0,0.0,0.01,0.01,0.01,0.01,0.01,Matches
531,Guglielmo Vicario,it ITA,GK,Tottenham,28-196,1996.0,20,20,1800,20.0,0,0,0,0,0,0,1,0,0.0,0.0,0.0,0.0,0,1,0,0.0,0.0,0.0,0.0,0.0,0.0,0.0,0.0,0.0,0.0,Matches
532,Carlos Vinícius,br BRA,"FW,MF",Fulham,30-027,1995.0,2,0,11,0.1,0,0,0,0,0,0,0,0,0.0,0.0,0.0,0.0,1,0,2,0.0,0.0,0.0,0.0,0.0,0.3,0.0,0.3,0.3,0.3,Matches
533,Kyle Walker,eng ENG,DF,Manchester City,34-328,1990.0,15,9,970,10.8,0,0,0,0,0,0,3,0,0.1,0.1,0.4,0.6,12,64,11,0.0,0.0,0.0,0.0,0.0,0.01,0.04,0.05,0.01,0.05,Matches
534,Kyle Walker-Peters,eng ENG,DF,Southampton,28-008,1997.0,31,31,2738,30.4,0,2,2,0,0,0,5,0,0.7,0.7,2.7,3.4,110,132,132,0.0,0.07,0.07,0.0,0.07,0.02,0.09,0.11,0.02,0.11,Matches
535,Christian Walton,eng ENG,GK,Ipswich Town,29-163,1995.0,6,6,540,6.0,0,0,0,0,0,0,0,0,0.0,0.0,0.0,0.0,0,0,0,0.0,0.0,0.0,0.0,0.0,0.0,0.0,0.0,0.0,0.0,Matches
536,Aaron Wan-Bissaka,eng ENG,DF,West Ham,27-146,1997.0,31,30,2704,30.0,2,2,4,2,0,0,1,0,1.0,1.0,2.7,3.7,93,118,131,0.07,0.07,0.13,0.07,0.13,0.03,0.09,0.12,0.03,0.12,Matches
537,Danny Ward,wls WAL,GK,Leicester City,31-303,1993.0,2,1,135,1.5,0,0,0,0,0,0,0,0,0.0,0.0,0.0,0.0,0,0,0,0.0,0.0,0.0,0.0,0.0,0.0,0.0,0.0,0.0,0.0,Matches
538,Joel Ward,eng ENG,DF,Crystal Palace,35-174,1989.0,1,0,1,0.0,0,0,0,0,0,0,0,0,0.0,0.0,0.0,0.0,0,0,0,0.0,0.0,0.0,0.0,0.0,0.0,0.0,0.0,0.0,0.0,Matches
539,James Ward-Prowse,eng ENG,MF,West Ham,30-171,1994.0,10,8,757,8.4,0,1,1,0,0,0,2,0,0.5,0.5,1.1,1.6,9,43,3,0.0,0.12,0.12,0.0,0.12,0.06,0.13,0.19,0.06,0.19,Matches
540,James Ward-Prowse,eng ENG,MF,Nott'ham Forest,30-171,1994.0,9,5,400,4.4,0,1,1,0,0,0,2,1,0.1,0.1,1.1,1.2,1,16,3,0.0,0.23,0.23,0.0,0.23,0.01,0.25,0.26,0.01,0.26,Matches
541,Ollie Watkins,eng ENG,FW,Aston Villa,29-112,1995.0,33,27,2248,25.0,15,7,22,13,2,2,1,0,14.5,13.0,2.9,15.9,49,27,142,0.6,0.28,0.88,0.52,0.8,0.58,0.12,0.7,0.52,0.64,Matches
542,Adam Webster,eng ENG,DF,Brighton,30-107,1995.0,11,8,617,6.9,0,0,0,0,0,0,0,0,0.0,0.0,0.5,0.5,7,40,2,0.0,0.0,0.0,0.0,0.0,0.0,0.07,0.08,0.0,0.08,Matches
543,Danny Welbeck,eng ENG,FW,Brighton,34-146,1990.0,26,20,1762,19.6,9,4,13,9,0,0,4,0,8.0,8.0,1.1,9.1,18,39,77,0.46,0.2,0.66,0.46,0.66,0.41,0.05,0.47,0.41,0.47,Matches
544,Welington,br BRA,"DF,MF",Southampton,24-061,2001.0,7,3,215,2.4,0,0,0,0,0,0,1,0,0.0,0.0,0.0,0.1,3,6,10,0.0,0.0,0.0,0.0,0.0,0.02,0.01,0.03,0.02,0.03,Matches
545,Timo Werner,de GER,"FW,MF",Tottenham,29-046,1996.0,18,4,516,5.7,0,3,3,0,0,0,0,0,1.0,1.0,2.5,3.5,42,30,89,0.0,0.52,0.52,0.0,0.52,0.17,0.44,0.61,0.17,0.61,Matches
546,Adam Wharton,eng ENG,MF,Crystal Palace,20-323,2004.0,18,14,1196,13.3,0,1,1,0,0,0,2,0,0.3,0.3,2.8,3.1,14,103,10,0.0,0.08,0.08,0.0,0.08,0.02,0.21,0.23,0.02,0.23,Matches
547,Ben White,eng ENG,DF,Arsenal,27-195,1997.0,13,9,856,9.5,0,1,1,0,0,0,2,0,0.4,0.4,0.8,1.2,10,42,27,0.0,0.11,0.11,0.0,0.11,0.04,0.09,0.13,0.04,0.13,Matches
548,Mats Wieffer,nl NED,"MF,DF",Brighton,25-156,1999.0,20,5,602,6.7,1,2,3,1,0,0,4,0,0.5,0.5,1.3,1.8,6,40,10,0.15,0.3,0.45,0.15,0.45,0.08,0.19,0.27,0.08,0.27,Matches
549,Neco Williams,wls WAL,DF,Nott'ham Forest,24-008,2001.0,29,22,2054,22.8,1,2,3,1,0,0,5,0,2.2,2.2,1.4,3.6,53,70,77,0.04,0.09,0.13,0.04,0.13,0.1,0.06,0.16,0.1,0.16,Matches
550,Willian,br BRA,"MF,FW",Fulham,36-255,1988.0,7,1,161,1.8,0,0,0,0,0,0,0,0,0.1,0.1,0.2,0.4,5,27,17,0.0,0.0,0.0,0.0,0.0,0.07,0.13,0.2,0.07,0.2,Matches
551,Joe Willock,eng ENG,"MF,FW",Newcastle Utd,25-244,1999.0,28,9,887,9.9,0,2,2,0,0,0,2,0,1.2,1.2,1.6,2.9,31,34,68,0.0,0.2,0.2,0.0,0.2,0.12,0.17,0.29,0.12,0.29,Matches
552,Callum Wilson,eng ENG,FW,Newcastle Utd,33-053,1992.0,13,1,254,2.8,0,0,0,0,0,0,1,0,0.3,0.3,0.1,0.4,5,3,9,0.0,0.0,0.0,0.0,0.0,0.12,0.02,0.14,0.12,0.14,Matches
553,Harry Wilson,wls WAL,"FW,MF",Fulham,28-030,1997.0,20,8,851,9.5,5,1,6,5,0,0,2,0,3.2,3.2,1.0,4.2,16,43,71,0.53,0.11,0.63,0.53,0.63,0.34,0.1,0.45,0.34,0.45,Matches
554,Harry Winks,eng ENG,MF,Leicester City,29-078,1996.0,22,17,1538,17.1,0,2,2,0,0,0,4,0,0.2,0.2,1.2,1.5,19,101,11,0.0,0.12,0.12,0.0,0.12,0.01,0.07,0.09,0.01,0.09,Matches
555,Ben Winterburn,eng ENG,"FW,MF",Bournemouth,20-229,2004.0,3,0,23,0.3,0,0,0,0,0,0,0,0,0.0,0.0,0.0,0.0,2,0,2,0.0,0.0,0.0,0.0,0.0,0.0,0.0,0.0,0.0,0.0,Matches
556,Yoane Wissa,cd COD,FW,Brentford,28-230,1996.0,30,29,2470,27.4,16,3,19,16,0,0,2,0,14.9,14.9,1.8,16.7,48,56,131,0.58,0.11,0.69,0.58,0.69,0.54,0.07,0.61,0.54,0.61,Matches
557,Chris Wood,nz NZL,FW,Nott'ham Forest,33-135,1991.0,30,29,2434,27.0,18,3,21,15,3,3,1,0,11.0,8.7,2.0,10.6,13,33,74,0.67,0.11,0.78,0.55,0.67,0.41,0.07,0.48,0.32,0.39,Matches
558,Nathan Wood-Gordon,eng ENG,DF,Southampton,22-325,2002.0,9,7,624,6.9,0,0,0,0,0,0,2,0,0.2,0.2,0.0,0.3,2,17,0,0.0,0.0,0.0,0.0,0.0,0.03,0.0,0.04,0.03,0.04,Matches
559,Luke Woolfenden,eng ENG,DF,Ipswich Town,26-182,1998.0,13,10,1007,11.2,0,0,0,0,0,0,2,0,0.0,0.0,0.0,0.0,7,15,0,0.0,0.0,0.0,0.0,0.0,0.0,0.0,0.0,0.0,0.0,Matches
560,Yehor Yarmoliuk,ua UKR,MF,Brentford,21-051,2004.0,26,10,1039,11.5,0,0,0,0,0,0,4,0,0.6,0.6,0.3,0.9,12,45,42,0.0,0.0,0.0,0.0,0.0,0.05,0.02,0.08,0.05,0.08,Matches
561,Ryan Yates,eng ENG,MF,Nott'ham Forest,27-151,1997.0,29,17,1742,19.4,2,1,3,2,0,0,8,0,2.3,2.3,1.1,3.4,17,45,12,0.1,0.05,0.15,0.1,0.15,0.12,0.06,0.18,0.12,0.18,Matches
562,Leny Yoro,fr FRA,DF,Manchester Utd,19-159,2005.0,18,10,979,10.9,0,0,0,0,0,0,5,0,0.7,0.7,0.0,0.7,17,43,4,0.0,0.0,0.0,0.0,0.0,0.06,0.0,0.06,0.06,0.06,Matches
563,Ashley Young,eng ENG,"DF,FW",Everton,39-286,1985.0,27,17,1586,17.6,1,3,4,1,0,0,6,1,0.3,0.3,1.6,1.8,19,81,25,0.06,0.17,0.23,0.06,0.23,0.02,0.09,0.1,0.02,0.1,Matches
564,Illia Zabarnyi,ua UKR,DF,Bournemouth,22-232,2002.0,31,30,2662,29.6,0,0,0,0,0,0,3,1,1.0,1.0,0.6,1.5,24,123,4,0.0,0.0,0.0,0.0,0.0,0.03,0.02,0.05,0.03,0.05,Matches
565,Oleksandr Zinchenko,ua UKR,"DF,MF",Arsenal,28-127,1996.0,12,4,450,5.0,0,1,1,0,0,0,1,0,0.3,0.3,0.1,0.4,10,35,12,0.0,0.2,0.2,0.0,0.2,0.05,0.03,0.08,0.05,0.08,Matches
566,Joshua Zirkzee,nl NED,"FW,MF",Manchester Utd,23-334,2001.0,32,14,1402,15.6,3,1,4,3,0,0,2,0,4.8,4.8,1.5,6.3,14,44,69,0.19,0.06,0.26,0.19,0.26,0.31,0.1,0.41,0.31,0.41,Matches
567,Martin Ødegaard,no NOR,MF,Arsenal,26-125,1998.0,25,22,1955,21.7,2,5,7,1,1,1,4,0,4.3,3.5,4.5,8.0,78,226,138,0.09,0.23,0.32,0.05,0.28,0.2,0.21,0.41,0.16,0.37,Matches
